datetime,nsdk
2008/1/2,1
2008/1/3,0.997336787
2008/1/4,0.959772075
2008/1/7,0.957783287
2008/1/8,0.935193878
2008/1/9,0.948237873
2008/1/10,0.953591122
2008/1/11,0.934975456
2008/1/14,0.949674858
2008/1/15,0.926411024
2008/1/16,0.917597514
2008/1/17,0.899322893
2008/1/18,0.896686503
2008/1/22,0.87838889
2008/1/23,0.887639244
2008/1/24,0.904695302
2008/1/25,0.891390734
2008/1/28,0.900476313
2008/1/29,0.903599361
2008/1/30,0.900127604
2008/1/31,0.915784996
2008/2/1,0.924790104
2008/2/4,0.913098792
2008/2/5,0.885018183
2008/2/6,0.873208079
2008/2/7,0.878680119
2008/2/8,0.883209497
2008/2/11,0.88903791
2008/2/12,0.889030246
2008/2/13,0.909680683
2008/2/14,0.893820197
2008/2/15,0.889704671
2008/2/19,0.883726812
2008/2/20,0.89173561
2008/2/21,0.881266693
2008/2/22,0.882634703
2008/2/25,0.891881225
2008/2/26,0.898590988
2008/2/27,0.901959282
2008/2/28,0.893448497
2008/2/29,0.870422244
2008/3/3,0.865486678
2008/3/4,0.866130448
2008/3/5,0.870931895
2008/3/6,0.850886907
2008/3/7,0.847817507
2008/3/10,0.831282596
2008/3/11,0.864398401
2008/3/12,0.8598422
2008/3/13,0.867406491
2008/3/14,0.847817507
2008/3/17,0.83422171
2008/3/18,0.869188352
2008/3/19,0.846848021
2008/3/20,0.865298912
2008/3/24,0.891601491
2008/3/25,0.897081195
2008/3/26,0.890685653
2008/3/27,0.874005127
2008/3/28,0.866475324
2008/3/31,0.873342198
2008/4/1,0.90539655
2008/4/2,0.904879236
2008/4/3,0.905607308
2008/4/4,0.908550254
2008/4/7,0.906193598
2008/4/8,0.900035637
2008/4/9,0.889827294
2008/4/10,0.901162234
2008/4/11,0.877611002
2008/4/14,0.872085315
2008/4/15,0.876001579
2008/4/16,0.900552952
2008/4/17,0.897380088
2008/4/18,0.920808697
2008/4/21,0.922751501
2008/4/22,0.910834103
2008/4/23,0.921667056
2008/4/24,0.930752635
2008/4/25,0.928457291
2008/4/28,0.929020589
2008/4/29,0.929672022
2008/4/30,0.924575515
2008/5/1,0.950598361
2008/5/2,0.949172871
2008/5/5,0.944241138
2008/5/6,0.951594671
2008/5/7,0.934419822
2008/5/8,0.939305572
2008/5/9,0.93711369
2008/5/12,0.953579626
2008/5/13,0.956120216
2008/5/14,0.956725666
2008/5/15,0.970915417
2008/5/16,0.96904542
2008/5/19,0.964155838
2008/5/20,0.955024275
2008/5/21,0.93816748
2008/5/22,0.944417408
2008/5/23,0.936787974
2008/5/27,0.950801455
2008/5/28,0.952893705
2008/5/29,0.961178405
2008/5/30,0.966673436
2008/6/2,0.954744542
2008/6/3,0.950510226
2008/6/4,0.959193449
2008/6/5,0.977127026
2008/6/6,0.948241705
2008/6/9,0.942455444
2008/6/10,0.938424221
2008/6/11,0.91737526
2008/6/12,0.921337508
2008/6/13,0.940554791
2008/6/16,0.948326008
2008/6/17,0.941792515
2008/6/18,0.93105536
2008/6/19,0.943451754
2008/6/20,0.922004269
2008/6/23,0.914206228
2008/6/24,0.907515625
2008/6/25,0.920153432
2008/6/26,0.889539896
2008/6/27,0.887340351
2008/6/30,0.87866096
2008/7/1,0.883255481
2008/7/2,0.862750658
2008/7/3,0.860420826
2008/7/7,0.859631442
2008/7/8,0.879220426
2008/7/9,0.856401099
2008/7/10,0.865199281
2008/7/11,0.858006691
2008/7/14,0.847963121
2008/7/15,0.849051398
2008/7/16,0.875545575
2008/7/17,0.886064308
2008/7/18,0.87475236
2008/7/21,0.873506972
2008/7/22,0.882868453
2008/7/23,0.891268111
2008/7/24,0.873729226
2008/7/25,0.885386051
2008/7/28,0.86764024
2008/7/29,0.888869303
2008/7/30,0.892739584
2008/7/31,0.891141656
2008/8/1,0.885550825
2008/8/4,0.875817645
2008/8/5,0.900445657
2008/8/6,0.911382073
2008/8/7,0.902706514
2008/8/8,0.925073669
2008/8/11,0.934979288
2008/8/12,0.931400237
2008/8/13,0.930637677
2008/8/14,0.940236739
2008/8/15,0.939796063
2008/8/18,0.926177274
2008/8/19,0.913677418
2008/8/20,0.915486103
2008/8/21,0.912152297
2008/8/22,0.925307419
2008/8/25,0.906484827
2008/8/26,0.905097658
2008/8/27,0.912949345
2008/8/28,0.924131007
2008/8/29,0.907224396
2008/9/2,0.900219571
2008/9/3,0.8942762
2008/9/4,0.865655284
2008/9/5,0.864444385
2008/9/8,0.869763146
2008/9/9,0.846790541
2008/9/10,0.854029115
2008/9/11,0.865341064
2008/9/12,0.866509812
2008/9/15,0.835332978
2008/9/16,0.846058637
2008/9/17,0.804271104
2008/9/18,0.842686511
2008/9/19,0.871349578
2008/9/22,0.834976606
2008/9/23,0.825147626
2008/9/24,0.826048137
2008/9/25,0.837885064
2008/9/26,0.836647341
2008/9/29,0.76015757
2008/9/30,0.801600227
2008/10/1,0.792985979
2008/10/2,0.757471366
2008/10/3,0.746232224
2008/10/6,0.713878979
2008/10/7,0.672463146
2008/10/8,0.666887643
2008/10/9,0.630403544
2008/10/10,0.632085775
2008/10/13,0.70670938
2008/10/14,0.681709668
2008/10/15,0.623969682
2008/10/16,0.658219748
2008/10/17,0.655759629
2008/10/20,0.678268567
2008/10/21,0.650161134
2008/10/22,0.619149075
2008/10/23,0.614612033
2008/10/24,0.59473182
2008/10/27,0.577054985
2008/10/28,0.632070447
2008/10/29,0.635036384
2008/10/30,0.650866215
2008/10/31,0.659461303
2008/11/3,0.661522898
2008/11/4,0.682135015
2008/11/5,0.644397865
2008/11/6,0.616447542
2008/11/7,0.631277231
2008/11/10,0.619528439
2008/11/11,0.605794691
2008/11/12,0.574491403
2008/11/13,0.611849189
2008/11/14,0.581250982
2008/11/17,0.567915758
2008/11/18,0.568383257
2008/11/19,0.531270717
2008/11/20,0.504332032
2008/11/21,0.530477501
2008/11/24,0.564072301
2008/11/25,0.561278802
2008/11/26,0.587094722
2008/11/28,0.588424413
2008/12/1,0.535734951
2008/12/2,0.555557684
2008/12/3,0.571874174
2008/12/4,0.553932933
2008/12/5,0.578361683
2008/12/8,0.602284615
2008/12/9,0.592934631
2008/12/10,0.599885808
2008/12/11,0.577813713
2008/12/12,0.590397872
2008/12/15,0.577989983
2008/12/16,0.609239624
2008/12/17,0.605185409
2008/12/18,0.594862107
2008/12/19,0.5994413
2008/12/22,0.587190521
2008/12/23,0.583048172
2008/12/24,0.58433571
2008/12/26,0.586381978
2008/12/29,0.578748712
2008/12/30,0.594222169
2008/12/31,0.604311722
2009/1/2,0.625456482
2009/1/5,0.623854723
2009/1/6,0.633185547
2009/1/7,0.612753532
2009/1/8,0.619631902
2009/1/9,0.602227136
2009/1/12,0.589658304
2009/1/13,0.592597418
2009/1/14,0.570824216
2009/1/15,0.57933117
2009/1/16,0.586033269
2009/1/20,0.552131911
2009/1/21,0.577503324
2009/1/22,0.561570031
2009/1/23,0.566091745
2009/1/26,0.570755241
2009/1/27,0.576671789
2009/1/28,0.597149788
2009/1/29,0.577798385
2009/1/30,0.565758364
2009/2/2,0.572659726
2009/2/3,0.581040224
2009/2/4,0.580561229
2009/2/5,0.592513115
2009/2/6,0.609937041
2009/2/9,0.609879561
2009/2/10,0.584270567
2009/2/11,0.586481609
2009/2/12,0.590777237
2009/2/13,0.587960745
2009/2/17,0.563551155
2009/2/18,0.562520357
2009/2/19,0.552882976
2009/2/20,0.552273694
2009/2/23,0.531768871
2009/2/24,0.552503612
2009/2/25,0.546219196
2009/2/26,0.533205857
2009/2/27,0.527982894
2009/3/2,0.506910941
2009/3/3,0.506205861
2009/3/4,0.518747868
2009/3/5,0.4979978
2009/3/6,0.495798255
2009/3/9,0.486137882
2009/3/10,0.520487579
2009/3/11,0.525607078
2009/3/12,0.546475937
2009/3/13,0.548545196
2009/3/16,0.538014968
2009/3/17,0.560274828
2009/3/18,0.571429666
2009/3/19,0.568463729
2009/3/20,0.558420159
2009/3/23,0.596164974
2009/3/24,0.581124527
2009/3/25,0.585887655
2009/3/26,0.608132187
2009/3/27,0.592114591
2009/3/30,0.575483881
2009/3/31,0.585749704
2009/4/1,0.594567046
2009/4/2,0.614121542
2009/4/3,0.621494235
2009/4/6,0.615684982
2009/4/7,0.598402839
2009/4/8,0.609534685
2009/4/9,0.633246859
2009/4/13,0.63354192
2009/4/14,0.62296954
2009/4/15,0.623383392
2009/4/16,0.640106069
2009/4/17,0.641113874
2009/4/20,0.616259776
2009/4/21,0.629916885
2009/4/22,0.63078674
2009/4/23,0.633120404
2009/4/24,0.649245295
2009/4/27,0.643543338
2009/4/28,0.641397439
2009/4/29,0.656008706
2009/4/30,0.658062637
2009/5/1,0.65879071
2009/5/4,0.675789288
2009/5/5,0.672171917
2009/5/6,0.674080234
2009/5/7,0.657656449
2009/5/8,0.666377992
2009/5/11,0.663404391
2009/5/12,0.657533827
2009/5/13,0.637711093
2009/5/14,0.647298659
2009/5/15,0.643823071
2009/5/18,0.66383357
2009/5/19,0.664668938
2009/5/20,0.662101524
2009/5/21,0.649613164
2009/5/22,0.648371608
2009/5/26,0.670757924
2009/5/27,0.663343079
2009/5/28,0.67127907
2009/5/29,0.67991631
2009/6/1,0.700743017
2009/6/2,0.703854569
2009/6/3,0.699685396
2009/6/4,0.708920422
2009/6/5,0.708690504
2009/6/8,0.706000467
2009/6/9,0.712794534
2009/6/10,0.710093002
2009/6/11,0.713652893
2009/6/12,0.712284883
2009/6/15,0.696029705
2009/6/16,0.688289144
2009/6/17,0.692841514
2009/6/18,0.692711227
2009/6/19,0.70027935
2009/6/22,0.676797094
2009/6/23,0.676310435
2009/6/24,0.686817671
2009/6/25,0.701072566
2009/6/26,0.704398708
2009/6/29,0.706636573
2009/6/30,0.703180144
2009/7/1,0.707272679
2009/7/2,0.688419431
2009/7/6,0.684924683
2009/7/7,0.669125508
2009/7/8,0.669508704
2009/7/9,0.671570299
2009/7/10,0.672903822
2009/7/13,0.687151052
2009/7/14,0.689649491
2009/7/15,0.713855987
2009/7/16,0.722336117
2009/7/17,0.722941566
2009/7/20,0.731632454
2009/7/21,0.734280339
2009/7/22,0.738181275
2009/7/23,0.756275794
2009/7/24,0.753348176
2009/7/27,0.754087744
2009/7/28,0.757007698
2009/7/29,0.754037929
2009/7/30,0.760375992
2009/7/31,0.758153455
2009/8/3,0.769691489
2009/8/4,0.770726118
2009/8/5,0.763728958
2009/8/6,0.756107188
2009/8/7,0.76648797
2009/8/10,0.763418569
2009/8/11,0.754792825
2009/8/12,0.76590168
2009/8/13,0.769975054
2009/8/14,0.760843491
2009/8/17,0.739890329
2009/8/18,0.749500887
2009/8/19,0.754605059
2009/8/20,0.762261317
2009/8/21,0.774400969
2009/8/24,0.773282036
2009/8/25,0.775677012
2009/8/26,0.775753651
2009/8/27,0.777018198
2009/8/28,0.777416722
2009/8/31,0.769863927
2009/9/1,0.75447094
2009/9/2,0.753773523
2009/9/3,0.759954476
2009/9/4,0.773588593
2009/9/8,0.780865487
2009/9/9,0.789533382
2009/9/10,0.798588306
2009/9/11,0.797392734
2009/9/14,0.801561907
2009/9/15,0.805723417
2009/9/16,0.817414729
2009/9/17,0.814962274
2009/9/18,0.817303602
2009/9/21,0.819288558
2009/9/22,0.822453758
2009/9/23,0.8167518
2009/9/24,0.807627901
2009/9/25,0.801232359
2009/9/28,0.816491227
2009/9/29,0.813923813
2009/9/30,0.813303035
2009/10/1,0.788418282
2009/10/2,0.784827734
2009/10/5,0.792506984
2009/10/6,0.806079789
2009/10/7,0.808670195
2009/10/8,0.813881661
2009/10/9,0.819763721
2009/10/12,0.819710074
2009/10/13,0.819997471
2009/10/14,0.832390032
2009/10/15,0.83279622
2009/10/16,0.826477317
2009/10/19,0.833957304
2009/10/20,0.829033235
2009/10/21,0.824151316
2009/10/22,0.829730651
2009/10/23,0.82558447
2009/10/26,0.820748535
2009/10/27,0.810877404
2009/10/28,0.789234489
2009/10/29,0.803772949
2009/10/30,0.783678146
2009/11/2,0.785245418
2009/11/3,0.78835697
2009/11/4,0.787667217
2009/11/5,0.806750382
2009/11/6,0.809478738
2009/11/9,0.825427359
2009/11/10,0.824285435
2009/11/11,0.830347597
2009/11/12,0.823496051
2009/11/13,0.830723129
2009/11/16,0.842207516
2009/11/17,0.844479869
2009/11/18,0.840402662
2009/11/19,0.826484981
2009/11/20,0.822354127
2009/11/23,0.833838514
2009/11/24,0.831221284
2009/11/25,0.833853841
2009/11/27,0.819441837
2009/11/30,0.821802324
2009/12/1,0.833761874
2009/12/2,0.837294942
2009/12/3,0.832738741
2009/12/4,0.84086633
2009/12/7,0.83904998
2009/12/8,0.832681261
2009/12/9,0.836796787
2009/12/10,0.839528975
2009/12/11,0.839318218
2009/12/14,0.84766806
2009/12/15,0.843433743
2009/12/16,0.845679273
2009/12/17,0.835386626
2009/12/18,0.84751095
2009/12/21,0.857462552
2009/12/22,0.863214325
2009/12/23,0.869717163
2009/12/24,0.87586746
2009/12/28,0.877932887
2009/12/29,0.876905922
2009/12/30,0.878009526
2009/12/31,0.869529397
2010/1/4,0.884577507
2010/1/5,0.884688634
2010/1/6,0.88176868
2010/1/7,0.881370156
2010/1/8,0.887930473
2010/1/11,0.88610646
2010/1/12,0.874572257
2010/1/13,0.884378245
2010/1/14,0.887765699
2010/1/15,0.876748811
2010/1/19,0.889168196
2010/1/20,0.87799803
2010/1/21,0.86820737
2010/1/22,0.845058495
2010/1/25,0.847169905
2010/1/26,0.844460709
2010/1/27,0.851235616
2010/1/28,0.83498427
2010/1/29,0.822856114
2010/2/1,0.83199534
2010/2/2,0.839222419
2010/2/3,0.839548135
2010/2/4,0.814456456
2010/2/5,0.820468802
2010/2/8,0.814694037
2010/2/9,0.824204964
2010/2/10,0.823055376
2010/2/11,0.834374988
2010/2/12,0.836720148
2010/2/16,0.84846894
2010/2/17,0.853105613
2010/2/18,0.859014496
2010/2/19,0.8598422
2010/2/22,0.859137119
2010/2/23,0.848181543
2010/2/24,0.856788127
2010/2/25,0.856144358
2010/2/26,0.85769247
2010/3/1,0.871223124
2010/3/2,0.873989799
2010/3/3,0.873947648
2010/3/4,0.878404218
2010/3/5,0.891448213
2010/3/8,0.893693742
2010/3/9,0.896939413
2010/3/10,0.903940405
2010/3/11,0.9075846
2010/3/12,0.907278043
2010/3/15,0.905189625
2010/3/16,0.911244123
2010/3/17,0.915489935
2010/3/18,0.916329135
2010/3/19,0.909864617
2010/3/22,0.917907903
2010/3/23,0.925510513
2010/3/24,0.919195441
2010/3/25,0.918678127
2010/3/26,0.91780444
2010/3/29,0.92134134
2010/3/30,0.923766971
2010/3/31,0.918888885
2010/4/1,0.920659251
2010/4/5,0.930986385
2010/4/6,0.933776053
2010/4/7,0.931610995
2010/4/8,0.933776053
2010/4/9,0.940382353
2010/4/12,0.941846162
2010/4/13,0.944957714
2010/4/14,0.959852546
2010/4/15,0.96400256
2010/4/16,0.950809119
2010/4/19,0.950368443
2010/4/20,0.958109004
2010/4/21,0.959756747
2010/4/22,0.965297763
2010/4/23,0.969543575
2010/4/26,0.966784563
2010/4/27,0.947057629
2010/4/28,0.94715726
2010/4/29,0.962557911
2010/4/30,0.943118373
2010/5/3,0.957507386
2010/5/4,0.92896311
2010/5/5,0.920548124
2010/5/6,0.888876967
2010/5/7,0.868184379
2010/5/10,0.909964248
2010/5/11,0.910209493
2010/5/12,0.929258171
2010/5/13,0.917509379
2010/5/14,0.899303733
2010/5/17,0.90213172
2010/5/18,0.887964961
2010/5/19,0.880726386
2010/5/20,0.844568004
2010/5/21,0.854159402
2010/5/24,0.848223695
2010/5/25,0.847227385
2010/5/26,0.84145262
2010/5/27,0.872798059
2010/5/28,0.864888892
2010/6/1,0.851588156
2010/6/2,0.874097094
2010/6/3,0.88251208
2010/6/4,0.850377257
2010/6/7,0.83302997
2010/6/8,0.831753927
2010/6/9,0.827262869
2010/6/10,0.850200986
2010/6/11,0.859738737
2010/6/14,0.859876687
2010/6/15,0.883604189
2010/6/16,0.883623349
2010/6/17,0.88409468
2010/6/18,0.885106318
2010/6/21,0.877170327
2010/6/22,0.866712906
2010/6/23,0.863812111
2010/6/24,0.849706663
2010/6/25,0.852028832
2010/6/28,0.850944387
2010/6/29,0.818192617
2010/6/30,0.808252511
2010/7/1,0.805232926
2010/7/2,0.801565739
2010/7/6,0.802366619
2010/7/7,0.82750045
2010/7/8,0.833604764
2010/7/9,0.841671041
2010/7/12,0.842402946
2010/7/13,0.859137119
2010/7/14,0.86212988
2010/7/15,0.861838651
2010/7/16,0.83500343
2010/7/19,0.842353131
2010/7/20,0.851649468
2010/7/21,0.838176293
2010/7/22,0.860616256
2010/7/23,0.86965202
2010/7/26,0.879982986
2010/7/27,0.876848442
2010/7/28,0.867770527
2010/7/29,0.862838793
2010/7/30,0.863992213
2010/8/2,0.879572966
2010/8/3,0.875035925
2010/8/4,0.882719006
2010/8/5,0.878691615
2010/8/6,0.876932745
2010/8/9,0.883531382
2010/8/10,0.872602629
2010/8/11,0.84633837
2010/8/12,0.83930289
2010/8/13,0.832869027
2010/8/16,0.836084043
2010/8/17,0.846648759
2010/8/18,0.849047566
2010/8/19,0.83496511
2010/8/20,0.835275499
2010/8/23,0.827561762
2010/8/24,0.813816518
2010/8/25,0.820629744
2010/8/26,0.811873714
2010/8/27,0.825262585
2010/8/30,0.812364205
2010/8/31,0.81008802
2010/9/1,0.834156566
2010/9/2,0.84303522
2010/9/3,0.855964255
2010/9/7,0.846438001
2010/9/8,0.854094259
2010/9/9,0.856903086
2010/9/10,0.859309557
2010/9/13,0.875875124
2010/9/14,0.8774309
2010/9/15,0.881856815
2010/9/16,0.882596383
2010/9/17,0.887332687
2010/9/20,0.902744834
2010/9/21,0.900261723
2010/9/22,0.894590421
2010/9/23,0.891727946
2010/9/24,0.912474182
2010/9/27,0.908086587
2010/9/28,0.911849573
2010/9/29,0.910688488
2010/9/30,0.907645911
2010/10/1,0.908462119
2010/10/4,0.898410886
2010/10/5,0.919605461
2010/10/6,0.912259592
2010/10/7,0.913413013
2010/10/8,0.920402509
2010/10/11,0.920563452
2010/10/12,0.926537478
2010/10/13,0.935469779
2010/10/14,0.933228082
2010/10/15,0.946022999
2010/10/18,0.950579201
2010/10/19,0.9338297
2010/10/20,0.941662228
2010/10/21,0.942535915
2010/10/22,0.950092542
2010/10/25,0.954483969
2010/10/26,0.956951752
2010/10/27,0.959239432
2010/10/28,0.960814368
2010/10/29,0.960829696
2010/11/1,0.959844882
2010/11/2,0.970834946
2010/11/3,0.97342152
2010/11/4,0.987626598
2010/11/5,0.98825504
2010/11/8,0.98866506
2010/11/9,0.982123903
2010/11/10,0.988178401
2010/11/11,0.97926526
2010/11/12,0.964968214
2010/11/15,0.963285983
2010/11/16,0.946433019
2010/11/17,0.948797339
2010/11/18,0.963508237
2010/11/19,0.964933726
2010/11/22,0.970260152
2010/11/23,0.956055073
2010/11/24,0.974513628
2010/11/26,0.97123347
2010/11/29,0.967654418
2010/11/30,0.957311956
2010/12/1,0.976931596
2010/12/2,0.988396823
2010/12/3,0.993037327
2010/12/6,0.994363186
2010/12/7,0.995731196
2010/12/8,0.999819898
2010/12/9,1.0026977
2010/12/10,1.010695003
2010/12/13,1.005855236
2010/12/14,1.006932017
2010/12/15,1.002908458
2010/12/16,1.010606868
2010/12/17,1.012775757
2010/12/20,1.01530102
2010/12/21,1.022217709
2010/12/22,1.023700678
2010/12/23,1.021447485
2010/12/27,1.022087422
2010/12/28,1.020405192
2010/12/29,1.021957136
2010/12/30,1.020443511
2010/12/31,1.016569399
2011/1/3,1.031379927
2011/1/4,1.027444504
2011/1/5,1.035472462
2011/1/6,1.03841924
2011/1/7,1.035844162
2011/1/10,1.03761836
2011/1/11,1.04107862
2011/1/12,1.04893414
2011/1/13,1.04815242
2011/1/14,1.055820174
2011/1/18,1.059862892
2011/1/19,1.044347283
2011/1/20,1.036273341
2011/1/21,1.030621199
2011/1/24,1.041354522
2011/1/25,1.042005955
2011/1/26,1.049765676
2011/1/27,1.05581251
2011/1/28,1.02960573
2011/1/31,1.034660086
2011/2/1,1.054245238
2011/2/2,1.053620628
2011/2/3,1.055276035
2011/2/4,1.061184919
2011/2/7,1.066814069
2011/2/8,1.07181861
2011/2/9,1.068760706
2011/2/10,1.069289516
2011/2/11,1.07656641
2011/2/14,1.079532347
2011/2/15,1.074615942
2011/2/16,1.082743531
2011/2/17,1.085050371
2011/2/18,1.085958546
2011/2/22,1.056249353
2011/2/23,1.043439108
2011/2/24,1.049152562
2011/2/25,1.065687473
2011/2/28,1.066154972
2011/3/1,1.048964796
2011/3/2,1.053049666
2011/3/3,1.072466212
2011/3/4,1.067074643
2011/3/7,1.052114668
2011/3/8,1.059832237
2011/3/9,1.054448332
2011/3/10,1.03502029
2011/3/11,1.040611121
2011/3/14,1.03500113
2011/3/15,1.022110414
2011/3/16,1.00275518
2011/3/17,1.010124041
2011/3/18,1.013043995
2011/3/21,1.031598349
2011/3/22,1.028448477
2011/3/23,1.033977997
2011/3/24,1.048585432
2011/3/25,1.051129854
2011/3/28,1.046385886
2011/3/29,1.056429456
2011/3/30,1.064055058
2011/3/31,1.065695137
2011/4/1,1.068963799
2011/4/4,1.068806689
2011/4/5,1.069573081
2011/4/6,1.072880063
2011/4/7,1.071469902
2011/4/8,1.065446059
2011/4/11,1.062031782
2011/4/12,1.051792783
2011/4/13,1.058203653
2011/4/14,1.057705498
2011/4/15,1.059403057
2011/4/18,1.048186908
2011/4/19,1.051861758
2011/4/20,1.073910861
2011/4/21,1.080674272
2011/4/25,1.082866153
2011/4/26,1.091166181
2011/4/27,1.099726781
2011/4/28,1.100742251
2011/4/29,1.101129279
2011/5/2,1.097504244
2011/5/3,1.08889766
2011/5/4,1.083766664
2011/5/5,1.078589685
2011/5/6,1.083509923
2011/5/9,1.089522269
2011/5/10,1.100497005
2011/5/11,1.090215854
2011/5/12,1.09710572
2011/5/13,1.083858631
2011/5/16,1.0661703
2011/5/17,1.066515176
2011/5/18,1.07869698
2011/5/19,1.08188134
2011/5/20,1.07422125
2011/5/23,1.05719968
2011/5/24,1.052317762
2011/5/25,1.058150006
2011/5/26,1.06640405
2011/5/27,1.071745803
2011/5/31,1.086475861
2011/6/1,1.061142767
2011/6/2,1.062721535
2011/6/3,1.047190598
2011/6/6,1.035610412
2011/6/7,1.035227216
2011/6/8,1.025195143
2011/6/9,1.028831673
2011/6/10,1.013066987
2011/6/13,1.011518874
2011/6/14,1.026475018
2011/6/15,1.008365171
2011/6/16,1.005391569
2011/6/17,1.002624893
2011/6/20,1.007675418
2011/6/21,1.029747512
2011/6/22,1.022823159
2011/6/23,1.029552082
2011/6/24,1.016577063
2011/6/27,1.030138372
2011/6/28,1.045860907
2011/6/29,1.05014504
2011/6/30,1.062802006
2011/7/1,1.079091672
2011/7/5,1.082824002
2011/7/6,1.08598537
2011/7/7,1.100792066
2011/7/8,1.095867997
2011/7/11,1.073953012
2011/7/12,1.066017022
2011/7/13,1.071768795
2011/7/14,1.058644329
2011/7/15,1.069040439
2011/7/18,1.059579327
2011/7/19,1.083111399
2011/7/20,1.078401919
2011/7/21,1.08614248
2011/7/22,1.095492464
2011/7/25,1.089349831
2011/7/26,1.088261554
2011/7/27,1.059456705
2011/7/28,1.060016171
2011/7/29,1.056234026
2011/8/1,1.051723808
2011/8/2,1.022842319
2011/8/3,1.031973881
2011/8/4,0.97959864
2011/8/5,0.970409598
2011/8/8,0.903457578
2011/8/9,0.951291946
2011/8/10,0.912409039
2011/8/11,0.955185218
2011/8/12,0.961048118
2011/8/15,0.979142637
2011/8/16,0.966976161
2011/8/17,0.962389304
2011/8/18,0.912171457
2011/8/19,0.89738392
2011/8/22,0.898740434
2011/8/23,0.937320616
2011/8/24,0.945609148
2011/8/25,0.927192744
2011/8/26,0.950268812
2011/8/29,0.981790522
2011/8/30,0.987155267
2011/8/31,0.988438974
2011/9/1,0.975632561
2011/9/2,0.950452746
2011/9/6,0.947961972
2011/9/7,0.97674383
2011/9/8,0.969156547
2011/9/9,0.945724106
2011/9/12,0.95610872
2011/9/13,0.970309967
2011/9/14,0.985791089
2011/9/15,0.999019018
2011/9/16,1.004858926
2011/9/19,1.001226227
2011/9/20,0.992569828
2011/9/21,0.972624472
2011/9/22,0.941003131
2011/9/23,0.951564015
2011/9/26,0.964385756
2011/9/27,0.975935286
2011/9/28,0.954763702
2011/9/29,0.95061752
2011/9/30,0.925571824
2011/10/3,0.895080912
2011/10/4,0.92151761
2011/10/5,0.9428578
2011/10/6,0.96060361
2011/10/7,0.950077214
2011/10/10,0.983300315
2011/10/11,0.989806984
2011/10/12,0.998122339
2011/10/13,1.00406571
2011/10/14,1.022309676
2011/10/17,1.002027107
2011/10/18,1.018316773
2011/10/19,0.997857934
2011/10/20,0.995781011
2011/10/21,1.010664347
2011/10/24,1.03441484
2011/10/25,1.011032215
2011/10/26,1.015726367
2011/10/27,1.049432295
2011/10/28,1.048865165
2011/10/31,1.028655403
2011/11/1,0.998976866
2011/11/2,1.011630001
2011/11/3,1.033851542
2011/11/4,1.029322164
2011/11/7,1.032809249
2011/11/8,1.045163491
2011/11/9,1.004606017
2011/11/10,1.005947203
2011/11/11,1.026486513
2011/11/14,1.018236302
2011/11/15,1.029341324
2011/11/16,1.011488219
2011/11/17,0.991707637
2011/11/18,0.985771929
2011/11/21,0.966857371
2011/11/22,0.966144626
2011/11/23,0.942693025
2011/11/25,0.935577074
2011/11/28,0.968466794
2011/11/29,0.963933584
2011/11/30,1.00410403
2011/12/1,1.006349559
2011/12/2,1.006629292
2011/12/5,1.017676835
2011/12/6,1.01530102
2011/12/7,1.015166901
2011/12/8,0.994922652
2011/12/9,1.014262558
2011/12/12,1.001007806
2011/12/13,0.988366167
2011/12/14,0.973053651
2011/12/15,0.973705085
2011/12/16,0.979192453
2011/12/19,0.966857371
2011/12/20,0.997739143
2011/12/21,0.987868012
2011/12/22,0.996099064
2011/12/23,1.003452597
2011/12/27,1.005966363
2011/12/28,0.992470197
2011/12/29,1.001574936
2011/12/30,0.998283282
2012/1/3,1.014979135
2012/1/4,1.014841184
2012/1/5,1.0230799
2012/1/6,1.024750635
2012/1/9,1.025647314
2012/1/10,1.03558742
2012/1/11,1.03875262
2012/1/12,1.044094374
2012/1/13,1.038718132
2012/1/17,1.045389576
2012/1/18,1.061342029
2012/1/19,1.06847714
2012/1/20,1.067852531
2012/1/23,1.066883045
2012/1/24,1.067829539
2012/1/25,1.079965359
2012/1/26,1.074972314
2012/1/27,1.079290934
2012/1/30,1.0775244
2012/1/31,1.078252473
2012/2/1,1.091445914
2012/2/2,1.095818181
2012/2/3,1.113437537
2012/2/6,1.112031207
2012/2/7,1.112832087
2012/2/8,1.117346137
2012/2/9,1.121703077
2012/2/10,1.112755448
2012/2/13,1.123297172
2012/2/14,1.123465779
2012/2/15,1.117334641
2012/2/16,1.134202933
2012/2/17,1.131110541
2012/2/21,1.129880481
2012/2/22,1.123979261
2012/2/23,1.13310316
2012/2/24,1.135697398
2012/2/27,1.1366209
2012/2/28,1.14451474
2012/2/29,1.136900633
2012/3/1,1.145361603
2012/3/2,1.140464357
2012/3/5,1.130612386
2012/3/6,1.115223231
2012/3/7,1.124944916
2012/3/8,1.138253316
2012/3/9,1.145120189
2012/3/12,1.143326832
2012/3/13,1.164870116
2012/3/14,1.165195832
2012/3/15,1.171189019
2012/3/16,1.170763671
2012/3/19,1.179600173
2012/3/20,1.178002246
2012/3/21,1.178450585
2012/3/22,1.173852232
2012/3/23,1.175614934
2012/3/26,1.1965566
2012/3/27,1.195705905
2012/3/28,1.189808517
2012/3/29,1.186129834
2012/3/30,1.184677521
2012/4/2,1.195456827
2012/4/3,1.193107835
2012/4/4,1.175680077
2012/4/5,1.180435541
2012/4/9,1.167629128
2012/4/10,1.146223794
2012/4/11,1.155895663
2012/4/12,1.170874798
2012/4/13,1.153929867
2012/4/16,1.145143181
2012/4/17,1.165996712
2012/4/18,1.161639773
2012/4/19,1.152485218
2012/4/20,1.149760694
2012/4/23,1.138264811
2012/4/24,1.134873526
2012/4/25,1.160942356
2012/4/26,1.16898181
2012/4/27,1.176105425
2012/4/30,1.167353226
2012/5/1,1.168916666
2012/5/2,1.172522542
2012/5/3,1.158899921
2012/5/4,1.132857915
2012/5/7,1.133402053
2012/5/8,1.12899913
2012/5/9,1.124569383
2012/5/10,1.124159364
2012/5/11,1.124228339
2012/5/14,1.112257293
2012/5/15,1.108877504
2012/5/16,1.101320877
2012/5/17,1.078194993
2012/5/18,1.06482145
2012/5/21,1.091039726
2012/5/22,1.087924342
2012/5/23,1.092154827
2012/5/24,1.088039301
2012/5/25,1.087330388
2012/5/29,1.100152129
2012/5/30,1.087265244
2012/5/31,1.08342562
2012/6/1,1.05282358
2012/6/4,1.057625027
2012/6/5,1.064560876
2012/6/6,1.090085568
2012/6/7,1.084835781
2012/6/8,1.095335354
2012/6/11,1.076677537
2012/6/12,1.089453294
2012/6/13,1.080080318
2012/6/14,1.086870553
2012/6/15,1.100845714
2012/6/18,1.109479122
2012/6/19,1.122672563
2012/6/20,1.122936968
2012/6/21,1.095592095
2012/6/22,1.108364021
2012/6/25,1.086805409
2012/6/26,1.093664619
2012/6/27,1.101811368
2012/6/28,1.091913413
2012/6/29,1.12469967
2012/7/2,1.130899783
2012/7/3,1.140422205
2012/7/5,1.140437533
2012/7/6,1.125573357
2012/7/9,1.123442787
2012/7/10,1.112161494
2012/7/11,1.10666263
2012/7/12,1.098312788
2012/7/13,1.114514318
2012/7/16,1.110096067
2012/7/17,1.115115936
2012/7/18,1.127592801
2012/7/19,1.136521269
2012/7/20,1.120963508
2012/7/23,1.107494166
2012/7/24,1.09708656
2012/7/25,1.093733594
2012/7/26,1.108682074
2012/7/27,1.133528508
2012/7/30,1.128834356
2012/7/31,1.126412557
2012/8/1,1.11901304
2012/8/2,1.115012473
2012/8/3,1.137287661
2012/8/6,1.145721807
2012/8/7,1.155665746
2012/8/8,1.153899212
2012/8/9,1.156731031
2012/8/10,1.157581726
2012/8/13,1.158217832
2012/8/14,1.156094925
2012/8/15,1.161440511
2012/8/16,1.17349586
2012/8/17,1.178937244
2012/8/20,1.178791629
2012/8/21,1.175362025
2012/8/22,1.177818311
2012/8/23,1.170050927
2012/8/24,1.176331511
2012/8/27,1.177634377
2012/8/28,1.179148002
2012/8/29,1.180699946
2012/8/30,1.168253737
2012/8/31,1.175250898
2012/9/4,1.178350954
2012/9/5,1.176132249
2012/9/6,1.201630116
2012/9/7,1.201863866
2012/9/10,1.189448313
2012/9/11,1.189643743
2012/9/12,1.1933914
2012/9/13,1.209301702
2012/9/14,1.220077176
2012/9/17,1.2180539
2012/9/18,1.21772052
2012/9/19,1.219567525
2012/9/20,1.217015439
2012/9/21,1.218548223
2012/9/24,1.211198522
2012/9/25,1.194701931
2012/9/26,1.185493729
2012/9/27,1.201932841
2012/9/28,1.194127137
2012/10/1,1.193092507
2012/10/2,1.195587114
2012/10/3,1.201407862
2012/10/4,1.206860743
2012/10/5,1.201775731
2012/10/8,1.192640336
2012/10/9,1.174503665
2012/10/10,1.169430149
2012/10/11,1.168525806
2012/10/12,1.166494867
2012/10/15,1.174181781
2012/10/16,1.188356204
2012/10/17,1.189486632
2012/10/18,1.177511755
2012/10/19,1.151741818
2012/10/22,1.156087261
2012/10/23,1.145932565
2012/10/24,1.142575767
2012/10/25,1.144269494
2012/10/26,1.144970743
2012/10/31,1.140862881
2012/11/1,1.157275169
2012/11/2,1.142740542
2012/11/5,1.149457969
2012/11/6,1.154159785
2012/11/7,1.125558029
2012/11/8,1.109578753
2012/11/9,1.113134812
2012/11/12,1.112901063
2012/11/13,1.105095358
2012/11/14,1.090886448
2012/11/15,1.087104302
2012/11/16,1.093308247
2012/11/19,1.117426608
2012/11/20,1.117660358
2012/11/21,1.121442503
2012/11/23,1.136885306
2012/11/26,1.140690443
2012/11/27,1.13724551
2012/11/28,1.146438384
2012/11/29,1.154198105
2012/11/30,1.153512184
2012/12/3,1.150431287
2012/12/4,1.148319877
2012/12/5,1.139510199
2012/12/6,1.145476562
2012/12/7,1.14117327
2012/12/10,1.144591379
2012/12/11,1.158133529
2012/12/12,1.154880194
2012/12/13,1.146583998
2012/12/14,1.138605856
2012/12/17,1.153650134
2012/12/18,1.170483938
2012/12/19,1.166590666
2012/12/20,1.168897507
2012/12/21,1.157639206
2012/12/24,1.154416526
2012/12/26,1.145817606
2012/12/27,1.144189023
2012/12/28,1.134379203
2012/12/31,1.157064411
2013/1/2,1.192605848
2013/1/3,1.188126286
2013/1/4,1.18854397
2013/1/7,1.187451861
2013/1/8,1.184769488
2013/1/9,1.190134234
2013/1/10,1.196246211
2013/1/11,1.197733012
2013/1/14,1.194613796
2013/1/15,1.192038718
2013/1/16,1.194629124
2013/1/17,1.201702923
2013/1/18,1.2012086
2013/1/22,1.204454271
2013/1/23,1.208473998
2013/1/24,1.199549361
2013/1/25,1.206956542
2013/1/28,1.208715412
2013/1/29,1.208470166
2013/1/30,1.204120891
2013/1/31,1.204051915
2013/2/1,1.218218675
2013/2/4,1.199852086
2013/2/5,1.21533704
2013/2/6,1.214149132
2013/2/7,1.212865425
2013/2/8,1.223878481
2013/2/11,1.223165736
2013/2/12,1.221050494
2013/2/13,1.225031901
2013/2/14,1.22571399
2013/2/15,1.2231734
2013/2/19,1.23143894
2013/2/20,1.212589524
2013/2/21,1.199974709
2013/2/22,1.211597046
2013/2/25,1.194134801
2013/2/26,1.199269628
2013/2/27,1.211765653
2013/2/28,1.210972437
2013/3/1,1.214631959
2013/3/4,1.219341439
2013/3/5,1.235473994
2013/3/6,1.234799569
2013/3/7,1.238524235
2013/3/8,1.243229883
2013/3/11,1.24648705
2013/3/12,1.242444331
2013/3/13,1.24351728
2013/3/14,1.248809218
2013/3/15,1.245030905
2013/3/18,1.240631814
2013/3/19,1.237378479
2013/3/20,1.246992869
2013/3/21,1.234887704
2013/3/22,1.243471297
2013/3/25,1.239754295
2013/3/26,1.246337603
2013/3/27,1.247885716
2013/3/28,1.252100873
2013/4/1,1.241237264
2013/4/2,1.24724961
2013/4/3,1.23335492
2013/4/4,1.235799711
2013/4/5,1.22770661
2013/4/8,1.234753586
2013/4/9,1.240735277
2013/4/10,1.263493292
2013/4/11,1.264608393
2013/4/12,1.262611941
2013/4/15,1.232546376
2013/4/16,1.250993436
2013/4/17,1.228016999
2013/4/18,1.213336757
2013/4/19,1.228549641
2013/4/22,1.239083702
2013/4/23,1.252794457
2013/4/24,1.25291708
2013/4/25,1.260711289
2013/4/26,1.256599595
2013/4/29,1.267237118
2013/4/30,1.275579297
2013/5/1,1.264213701
2013/5/2,1.280112506
2013/5/3,1.29467779
2013/5/6,1.300172821
2013/5/7,1.301575319
2013/5/8,1.307951702
2013/5/9,1.306380598
2013/5/10,1.316884003
2013/5/13,1.317730866
2013/5/14,1.326858597
2013/5/15,1.330311194
2013/5/16,1.327866403
2013/5/17,1.340791606
2013/5/20,1.339818288
2013/5/21,1.341998674
2013/5/22,1.327123002
2013/5/23,1.325636201
2013/5/24,1.325528906
2013/5/28,1.33692899
2013/5/29,1.32874009
2013/5/30,1.337852492
2013/5/31,1.324291183
2013/6/3,1.327916218
2013/6/4,1.320210145
2013/6/5,1.30343382
2013/6/6,1.312082556
2013/6/7,1.329391523
2013/6/10,1.331135065
2013/6/11,1.317025785
2013/6/12,1.303031464
2013/6/13,1.320252296
2013/6/14,1.31189479
2013/6/17,1.322842702
2013/6/18,1.334357744
2013/6/19,1.319420761
2013/6/20,1.289316876
2013/6/21,1.286485057
2013/6/24,1.272502232
2013/6/25,1.282898342
2013/6/26,1.293754287
2013/6/27,1.303579435
2013/6/28,1.304112077
2013/7/1,1.316083123
2013/7/2,1.315665439
2013/7/3,1.319600863
2013/7/5,1.333284795
2013/7/8,1.335373214
2013/7/9,1.342818714
2013/7/10,1.349141449
2013/7/11,1.371190552
2013/7/12,1.379536563
2013/7/15,1.382376046
2013/7/16,1.378931113
2013/7/17,1.383337868
2013/7/18,1.383828359
2013/7/19,1.374761939
2013/7/22,1.379655353
2013/7/23,1.371562252
2013/7/24,1.371688707
2013/7/25,1.381494695
2013/7/26,1.384552599
2013/7/29,1.379176358
2013/7/30,1.385817146
2013/7/31,1.389610788
2013/8/1,1.408529178
2013/8/2,1.413836444
2013/8/5,1.415123983
2013/8/6,1.404708713
2013/8/7,1.400202328
2013/8/8,1.40599242
2013/8/9,1.402539824
2013/8/12,1.406310473
2013/8/13,1.411862984
2013/8/14,1.4060499
2013/8/15,1.381851067
2013/8/16,1.380571192
2013/8/19,1.375325238
2013/8/20,1.384713542
2013/8/21,1.379425436
2013/8/22,1.394339427
2013/8/23,1.401650809
2013/8/26,1.401566506
2013/8/27,1.371274855
2013/8/28,1.376957653
2013/8/29,1.387284787
2013/8/30,1.375624131
2013/9/3,1.38433801
2013/9/4,1.398297843
2013/9/5,1.402034005
2013/9/6,1.402501504
2013/9/9,1.420193667
2013/9/10,1.428945866
2013/9/11,1.42740925
2013/9/12,1.423945157
2013/9/13,1.426324805
2013/9/16,1.424665566
2013/9/17,1.435337577
2013/9/18,1.449876036
2013/9/19,1.452075582
2013/9/20,1.446461759
2013/9/23,1.442844388
2013/9/24,1.443978648
2013/9/25,1.441238796
2013/9/26,1.451328349
2013/9/27,1.449094316
2013/9/30,1.445216372
2013/10/1,1.46303499
2013/10/2,1.461900729
2013/10/3,1.446312312
2013/10/4,1.459114894
2013/10/7,1.444794856
2013/10/8,1.415844392
2013/10/9,1.409310898
2013/10/10,1.441104678
2013/10/11,1.45302974
2013/10/14,1.46200036
2013/10/15,1.453849779
2013/10/16,1.471254546
2013/10/17,1.480343957
2013/10/18,1.499936773
2013/10/21,1.502147814
2013/10/22,1.505795841
2013/10/23,1.497173929
2013/10/24,1.505562091
2013/10/25,1.511080115
2013/10/28,1.509842391
2013/10/29,1.514521216
2013/10/30,1.506198197
2013/10/31,1.502017527
2013/11/1,1.502910374
2013/11/4,1.508485877
2013/11/5,1.509738929
2013/11/6,1.506707847
2013/11/7,1.478113756
2013/11/8,1.501833593
2013/11/11,1.502048183
2013/11/12,1.502097999
2013/11/13,1.519594732
2013/11/14,1.522338416
2013/11/15,1.5274081
2013/11/18,1.513268164
2013/11/19,1.506554569
2013/11/20,1.502615313
2013/11/21,1.520966574
2013/11/22,1.529584654
2013/11/25,1.530703586
2013/11/26,1.539586072
2013/11/27,1.549932366
2013/11/29,1.555733955
2013/12/2,1.550127796
2013/12/3,1.547039235
2013/12/4,1.547345792
2013/12/5,1.545494955
2013/12/6,1.55674176
2013/12/9,1.559129072
2013/12/10,1.555963872
2013/12/11,1.534244318
2013/12/12,1.532171227
2013/12/13,1.533159873
2013/12/16,1.54409629
2013/12/17,1.541858424
2013/12/18,1.559631059
2013/12/19,1.555063361
2013/12/20,1.572920299
2013/12/23,1.589842238
2013/12/24,1.592340677
2013/12/26,1.596847063
2013/12/27,1.592789016
2013/12/30,1.591873177
2013/12/31,1.600452938
2014/1/2,1.587608205
2014/1/3,1.583331737
2014/1/6,1.576346072
2014/1/7,1.591482317
2014/1/8,1.596245445
2014/1/9,1.592635738
2014/1/10,1.599717201
2014/1/13,1.576204289
2014/1/14,1.602916889
2014/1/15,1.615125516
2014/1/16,1.616585493
2014/1/17,1.608496224
2014/1/21,1.619294689
2014/1/22,1.62590099
2014/1/23,1.6166583
2014/1/24,1.581898583
2014/1/27,1.564823366
2014/1/28,1.57032223
2014/1/29,1.552492116
2014/1/30,1.579967275
2014/1/31,1.57259075
2014/2/3,1.531619425
2014/2/4,1.544862682
2014/2/5,1.537210256
2014/2/6,1.554672501
2014/2/7,1.5810134
2014/2/10,1.589562505
2014/2/11,1.605993953
2014/2/12,1.609917881
2014/2/13,1.625008143
2014/2/14,1.626295682
2014/2/18,1.637312569
2014/2/19,1.62396585
2014/2/20,1.635308454
2014/2/21,1.633722022
2014/2/24,1.645049298
2014/2/25,1.642987703
2014/2/26,1.64470059
2014/2/27,1.654997069
2014/2/28,1.650854719
2014/3/3,1.639044616
2014/3/4,1.667657867
2014/3/5,1.669957044
2014/3/6,1.667719179
2014/3/7,1.661622529
2014/3/10,1.660944272
2014/3/11,1.650498347
2014/3/12,1.656683131
2014/3/13,1.632576266
2014/3/14,1.62682066
2014/3/17,1.640060085
2014/3/18,1.660507428
2014/3/19,1.650655457
2014/3/20,1.655135019
2014/3/21,1.638849186
2014/3/24,1.619536103
2014/3/25,1.622555688
2014/3/26,1.599299518
2014/3/27,1.590735085
2014/3/28,1.592470963
2014/3/31,1.60903653
2014/4/1,1.63549622
2014/4/2,1.638722731
2014/4/3,1.623885378
2014/4/4,1.581729977
2014/4/7,1.563344229
2014/4/8,1.576081667
2014/4/9,1.603254101
2014/4/10,1.553519081
2014/4/11,1.532680878
2014/4/14,1.54147906
2014/4/15,1.545874319
2014/4/16,1.56582734
2014/4/17,1.569387231
2014/4/21,1.579361825
2014/4/22,1.594655181
2014/4/23,1.581438748
2014/4/24,1.589627648
2014/4/25,1.561738637
2014/4/28,1.56129413
2014/4/29,1.572460464
2014/4/30,1.576683285
2014/5/1,1.581622682
2014/5/2,1.580262336
2014/5/5,1.585688393
2014/5/6,1.563731257
2014/5/7,1.55871522
2014/5/8,1.552518939
2014/5/9,1.560324644
2014/5/12,1.58791093
2014/5/13,1.582664975
2014/5/14,1.571345363
2014/5/15,1.559335998
2014/5/16,1.567498074
2014/5/19,1.580994241
2014/5/20,1.56991221
2014/5/21,1.583189954
2014/5/22,1.591926825
2014/5/23,1.603986006
2014/5/27,1.62779781
2014/5/28,1.619034116
2014/5/29,1.62779781
2014/5/30,1.625755375
2014/6/2,1.623678453
2014/6/3,1.622482881
2014/6/4,1.629211804
2014/6/5,1.646298517
2014/6/6,1.655943563
2014/6/9,1.661630193
2014/6/10,1.662304618
2014/6/11,1.659978618
2014/6/12,1.646834992
2014/6/13,1.651824205
2014/6/16,1.655828604
2014/6/17,1.662009557
2014/6/18,1.671823209
2014/6/19,1.67047819
2014/6/20,1.673815828
2014/6/23,1.674061074
2014/6/24,1.66703709
2014/6/25,1.678306886
2014/6/26,1.678034817
2014/6/27,1.685269559
2014/6/30,1.689197319
2014/7/1,1.708537226
2014/7/2,1.708184685
2014/7/3,1.718990815
2014/7/7,1.705808869
2014/7/8,1.682790281
2014/7/9,1.693354997
2014/7/10,1.68460663
2014/7/11,1.691998483
2014/7/14,1.701551561
2014/7/15,1.692343359
2014/7/16,1.696014378
2014/7/17,1.672056958
2014/7/18,1.698382529
2014/7/21,1.695527718
2014/7/22,1.70752942
2014/7/23,1.714304327
2014/7/24,1.713695045
2014/7/25,1.705053973
2014/7/28,1.703272111
2014/7/29,1.702425248
2014/7/30,1.710165809
2014/7/31,1.674478758
2014/8/1,1.667914609
2014/8/4,1.679889486
2014/8/5,1.667991248
2014/8/6,1.668838111
2014/8/7,1.661143534
2014/8/8,1.674911769
2014/8/11,1.686572426
2014/8/12,1.681943417
2014/8/13,1.699141258
2014/8/14,1.706372168
2014/8/15,1.710943697
2014/8/18,1.727566743
2014/8/19,1.734924108
2014/8/20,1.734529416
2014/8/21,1.736682978
2014/8/22,1.739154593
2014/8/25,1.746358679
2014/8/26,1.751451355
2014/8/27,1.751060495
2014/8/28,1.746488966
2014/8/29,1.755141533
2014/9/2,1.762008407
2014/9/3,1.752187092
2014/9/4,1.748251668
2014/9/5,1.756149339
2014/9/8,1.759743718
2014/9/9,1.744415875
2014/9/10,1.757536509
2014/9/11,1.759563616
2014/9/12,1.750286439
2014/9/15,1.73162479
2014/9/16,1.744599809
2014/9/17,1.748213348
2014/9/18,1.760184394
2014/9/19,1.754957599
2014/9/22,1.734993083
2014/9/23,1.727712358
2014/9/24,1.745542472
2014/9/25,1.711641114
2014/9/26,1.729053544
2014/9/29,1.726624081
2014/9/30,1.721849458
2014/10/1,1.694527577
2014/10/2,1.697635297
2014/10/3,1.715040063
2014/10/6,1.707061921
2014/10/7,1.680391473
2014/10/8,1.712346195
2014/10/9,1.677762748
2014/10/10,1.638638428
2014/10/13,1.614658017
2014/10/14,1.619834996
2014/10/15,1.615294122
2014/10/16,1.616087338
2014/10/17,1.631817537
2014/10/20,1.653901128
2014/10/21,1.693527435
2014/10/22,1.679490962
2014/10/23,1.706291697
2014/10/24,1.718143951
2014/10/27,1.718990815
2014/10/28,1.74901806
2014/10/29,1.743247127
2014/10/30,1.749726973
2014/10/31,1.77448144
2014/11/3,1.777612152
2014/11/4,1.771760748
2014/11/5,1.770641815
2014/11/6,1.777443546
2014/11/7,1.775167361
2014/11/10,1.782482574
2014/11/11,1.785908347
2014/11/12,1.791495346
2014/11/13,1.793411327
2014/11/14,1.796630174
2014/11/17,1.789908914
2014/11/18,1.801956599
2014/11/19,1.791713768
2014/11/20,1.801738177
2014/11/21,1.805991654
2014/11/24,1.822055234
2014/11/25,1.823342773
2014/11/26,1.834482283
2014/11/28,1.836133858
2014/12/1,1.811502014
2014/12/2,1.822407774
2014/12/3,1.829558213
2014/12/4,1.827630737
2014/12/5,1.831968517
2014/12/8,1.816613849
2014/12/9,1.826492645
2014/12/10,1.794901959
2014/12/11,1.804148481
2014/12/12,1.783241302
2014/12/15,1.764679284
2014/12/16,1.742710652
2014/12/17,1.779681411
2014/12/18,1.819568291
2014/12/19,1.826074961
2014/12/22,1.832221426
2014/12/23,1.826090289
2014/12/24,1.829175017
2014/12/26,1.841969934
2014/12/29,1.841989094
2014/12/30,1.830696306
2014/12/31,1.81483582
2015/1/2,1.811295088
2015/1/5,1.78284661
2015/1/6,1.759919989
2015/1/7,1.782041899
2015/1/8,1.814889467
2015/1/9,1.802581209
2015/1/12,1.787498611
2015/1/13,1.786268551
2015/1/14,1.777769262
2015/1/15,1.75152033
2015/1/16,1.775876274
2015/1/20,1.783720298
2015/1/21,1.788537072
2015/1/22,1.820334683
2015/1/23,1.82320099
2015/1/26,1.828519752
2015/1/27,1.793932473
2015/1/28,1.777259612
2015/1/29,1.794664378
2015/1/30,1.776205822
2015/2/2,1.7920893
2015/2/3,1.81165146
2015/2/4,1.807420975
2015/2/5,1.825967666
2015/2/6,1.818035507
2015/2/9,1.810988531
2015/2/10,1.834608738
2015/2/11,1.839793381
2015/2/12,1.861417136
2015/2/13,1.87530033
2015/2/17,1.877381085
2015/2/18,1.880097945
2015/2/19,1.887125761
2015/2/20,1.899108303
2015/2/23,1.901024283
2015/2/24,1.903764135
2015/2/25,1.903388603
2015/2/26,1.911339922
2015/2/27,1.902005265
2015/3/2,1.919084315
2015/3/3,1.908278185
2015/3/4,1.903388603
2015/3/5,1.909393286
2015/3/6,1.888148895
2015/3/9,1.89392366
2015/3/10,1.862256335
2015/3/11,1.858478022
2015/3/12,1.875089572
2015/3/13,1.86683936
2015/3/16,1.888968934
2015/3/17,1.892003847
2015/3/18,1.90940095
2015/3/19,1.913060472
2015/3/20,1.926104467
2015/3/23,1.920184087
2015/3/24,1.913960983
2015/3/25,1.868663374
2015/3/26,1.863620513
2015/3/27,1.874296356
2015/3/30,1.89583964
2015/3/31,1.878001862
2015/4/1,1.870085031
2015/4/2,1.872656277
2015/4/6,1.884297774
2015/4/7,1.881580914
2015/4/8,1.897134843
2015/4/9,1.90623575
2015/4/10,1.914439978
2015/4/13,1.911477872
2015/4/14,1.907278043
2015/4/15,1.920203247
2015/4/16,1.918965524
2015/4/17,1.889850285
2015/4/20,1.913911167
2015/4/21,1.921383491
2015/4/22,1.929457433
2015/4/23,1.937462399
2015/4/24,1.951268954
2015/4/27,1.93906799
2015/4/28,1.937217153
2015/4/29,1.925039182
2015/4/30,1.8935328
2015/5/1,1.918045853
2015/5/4,1.922467936
2015/5/5,1.89273192
2015/5/6,1.885190621
2015/5/7,1.895111568
2015/5/8,1.917340772
2015/5/11,1.913516476
2015/5/12,1.906856528
2015/5/13,1.908964106
2015/5/14,1.935446787
2015/5/15,1.934484965
2015/5/18,1.946038327
2015/5/19,1.942815648
2015/5/20,1.943470914
2015/5/21,1.950770799
2015/5/22,1.950222829
2015/5/26,1.928530098
2015/5/27,1.956825297
2015/5/28,1.953525979
2015/5/29,1.942815648
2015/6/1,1.947758878
2015/6/2,1.945302591
2015/6/3,1.954004974
2015/6/4,1.938638811
2015/6/5,1.94221403
2015/6/8,1.924268958
2015/6/9,1.921295356
2015/6/10,1.945367734
2015/6/11,1.947597935
2015/6/12,1.935561746
2015/6/15,1.927464813
2015/6/16,1.937266969
2015/6/17,1.940842188
2015/6/18,1.966926346
2015/6/19,1.960814368
2015/6/22,1.974981128
2015/6/23,1.97733012
2015/6/24,1.962887459
2015/6/25,1.958971195
2015/6/26,1.946831543
2015/6/29,1.900066293
2015/6/30,1.910949062
2015/7/1,1.921007959
2015/7/2,1.919509662
2015/7/6,1.912891866
2015/7/7,1.915007108
2015/7/8,1.881400812
2015/7/9,1.88624441
2015/7/10,1.915099075
2015/7/13,1.943382778
2015/7/14,1.956173864
2015/7/15,1.953893847
2015/7/16,1.978510364
2015/7/17,1.996505252
2015/7/20,1.999846722
2015/7/21,1.995731196
2015/7/22,1.981802018
2015/7/23,1.972084165
2015/7/24,1.949943095
2015/7/27,1.931223967
2015/7/28,1.950165349
2015/7/29,1.958794925
2015/7/30,1.96533225
2015/7/31,1.96513682
2015/8/3,1.960193591
2015/8/4,1.956426773
2015/8/5,1.969608718
2015/8/6,1.937608013
2015/8/7,1.932664784
2015/8/10,1.954989788
2015/8/11,1.93007821
2015/8/12,1.932990501
2015/8/13,1.928840487
2015/8/14,1.934465805
2015/8/17,1.951119507
2015/8/18,1.938723114
2015/8/19,1.923280312
2015/8/20,1.869035074
2015/8/21,1.803336105
2015/8/24,1.734441281
2015/8/25,1.726869326
2015/8/26,1.800078938
2015/8/27,1.844211632
2015/8/28,1.850197154
2015/8/31,1.830339933
2015/9/1,1.776539203
2015/9/2,1.820173741
2015/9/3,1.81385867
2015/9/4,1.794859808
2015/9/8,1.843912739
2015/9/9,1.822683675
2015/9/10,1.837904224
2015/9/11,1.84790181
2015/9/14,1.841548419
2015/9/15,1.862532236
2015/9/16,1.873537628
2015/9/17,1.875342482
2015/9/18,1.849775639
2015/9/21,1.850438568
2015/9/22,1.822756483
2015/9/23,1.821231362
2015/9/24,1.814234202
2015/9/25,1.795848454
2015/9/28,1.741231516
2015/9/29,1.73101934
2015/9/30,1.770431057
2015/10/1,1.773078942
2015/10/2,1.804002866
2015/10/5,1.832160115
2015/10/6,1.819552963
2015/10/7,1.835949924
2015/10/8,1.843475895
2015/10/9,1.851017194
2015/10/12,1.854147906
2015/10/13,1.838042175
2015/10/14,1.832769396
2015/10/15,1.866203255
2015/10/16,1.872560478
2015/10/19,1.8797569
2015/10/20,1.870368596
2015/10/21,1.854715036
2015/10/22,1.885343899
2015/10/23,1.928189054
2015/10/26,1.929277331
2015/10/27,1.927533788
2015/10/28,1.95264846
2015/10/29,1.9444404
2015/10/30,1.936577216
2015/11/2,1.964703809
2015/11/3,1.971593674
2015/11/4,1.970578205
2015/11/5,1.964929894
2015/11/6,1.972356234
2015/11/9,1.952499013
2015/11/10,1.947877668
2015/11/11,1.941662228
2015/11/12,1.917927062
2015/11/13,1.888344325
2015/11/16,1.910086871
2015/11/17,1.910623345
2015/11/18,1.944796772
2015/11/19,1.944198986
2015/11/20,1.95618536
2015/11/23,1.955250361
2015/11/24,1.955376816
2015/11/25,1.96048482
2015/11/27,1.964845591
2015/11/30,1.957622345
2015/12/1,1.975877806
2015/12/2,1.963197848
2015/12/3,1.930361775
2015/12/4,1.970497733
2015/12/7,1.95499362
2015/12/8,1.95362561
2015/12/9,1.924744121
2015/12/10,1.933289394
2015/12/11,1.890486391
2015/12/14,1.897675149
2015/12/15,1.914202397
2015/12/16,1.943237164
2015/12/17,1.916957576
2015/12/18,1.886504983
2015/12/21,1.904070692
2015/12/22,1.916405774
2015/12/23,1.933580623
2015/12/24,1.934561605
2015/12/28,1.931687634
2015/12/29,1.957342612
2015/12/30,1.941213889
2015/12/31,1.918819909
2016/1/4,1.878844894
2016/1/5,1.874376827
2016/1/6,1.853048133
2016/1/7,1.796971218
2016/1/8,1.779420837
2016/1/11,1.777259612
2016/1/12,1.7956262
2016/1/13,1.734368474
2016/1/14,1.768449934
2016/1/15,1.719944973
2016/1/19,1.715549714
2016/1/20,1.713534103
2016/1/21,1.713675885
2016/1/22,1.759322203
2016/1/25,1.731467679
2016/1/26,1.750313263
2016/1/27,1.712185252
2016/1/28,1.726942134
2016/1/29,1.768047578
2016/2/1,1.770507696
2016/2/2,1.730877557
2016/2/3,1.726007135
2016/2/4,1.728045738
2016/2/5,1.671938167
2016/2/8,1.64151623
2016/2/9,1.635772121
2016/2/10,1.641454919
2016/2/11,1.635036384
2016/2/12,1.662116852
2016/2/16,1.699842506
2016/2/17,1.737434042
2016/2/18,1.71960776
2016/2/19,1.726079942
2016/2/22,1.751439859
2016/2/23,1.725754226
2016/2/24,1.740733361
2016/2/25,1.755884934
2016/2/26,1.759050134
2016/2/29,1.746588597
2016/3/1,1.797036361
2016/3/2,1.802332131
2016/3/3,1.803864916
2016/3/4,1.807543598
2016/3/7,1.804182968
2016/3/8,1.781413457
2016/3/9,1.791204117
2016/3/10,1.786521461
2016/3/11,1.819595115
2016/3/14,1.8202887
2016/3/15,1.812007833
2016/3/16,1.825534654
2016/3/17,1.829757475
2016/3/18,1.837674306
2016/3/21,1.842740159
2016/3/22,1.847641236
2016/3/23,1.827408483
2016/3/24,1.829190345
2016/3/28,1.826615267
2016/3/29,1.857205811
2016/3/30,1.865896698
2016/3/31,1.866107456
2016/4/1,1.883232489
2016/4/4,1.87451861
2016/4/5,1.856175013
2016/4/6,1.885600641
2016/4/7,1.857876404
2016/4/8,1.858765419
2016/4/11,1.852139959
2016/4/12,1.866965815
2016/4/13,1.895831976
2016/4/14,1.895245686
2016/4/15,1.892306572
2016/4/18,1.900660247
2016/4/19,1.893115116
2016/4/20,1.896104045
2016/4/21,1.895245686
2016/4/22,1.880048129
2016/4/25,1.876047562
2016/4/26,1.87316976
2016/4/27,1.86353621
2016/4/28,1.841368317
2016/4/29,1.829899258
2016/5/2,1.846081628
2016/5/3,1.825247257
2016/5/4,1.810846748
2016/5/5,1.807570422
2016/5/6,1.814877971
2016/5/9,1.820261876
2016/5/10,1.843127187
2016/5/11,1.824277771
2016/5/12,1.815326311
2016/5/13,1.807796508
2016/5/16,1.829937577
2016/5/17,1.807049275
2016/5/18,1.816012232
2016/5/19,1.805823048
2016/5/20,1.82767672
2016/5/23,1.826228239
2016/5/24,1.862739162
2016/5/25,1.875702686
2016/5/26,1.878339075
2016/5/27,1.890501719
2016/5/31,1.896077222
2016/6/1,1.897682813
2016/6/2,1.90500569
2016/6/3,1.893954315
2016/6/6,1.903990221
2016/6/7,1.901323176
2016/6/8,1.906262574
2016/6/9,1.900123772
2016/6/10,1.875572399
2016/6/13,1.857903228
2016/6/14,1.856029399
2016/6/15,1.852726249
2016/6/16,1.856554377
2016/6/17,1.839471496
2016/6/20,1.853599936
2016/6/21,1.85610987
2016/6/22,1.852109303
2016/6/23,1.881508107
2016/6/24,1.804079506
2016/6/27,1.760571422
2016/6/28,1.797906217
2016/6/29,1.831389891
2016/6/30,1.855692186
2016/7/1,1.863317788
2016/7/5,1.8481164
2016/7/6,1.86201109
2016/7/7,1.868774501
2016/7/8,1.899411028
2016/7/11,1.911627319
2016/7/12,1.924724961
2016/7/13,1.91817614
2016/7/14,1.929032085
2016/7/15,1.927319199
2016/7/18,1.937355104
2016/7/19,1.929917268
2016/7/20,1.95044125
2016/7/21,1.944298617
2016/7/22,1.954361346
2016/7/25,1.95339186
2016/7/26,1.958151156
2016/7/27,1.969555071
2016/7/28,1.975368156
2016/7/29,1.978108008
2016/8/1,1.986565145
2016/8/2,1.968758023
2016/8/3,1.977192169
2016/8/4,1.979686776
2016/8/5,2.000712745
2016/8/8,1.99765484
2016/8/9,2.00238348
2016/8/10,1.994374681
2016/8/11,2.003502412
2016/8/12,2.005226795
2016/8/15,2.016385465
2016/8/16,2.003008089
2016/8/17,2.003602043
2016/8/18,2.008004966
2016/8/19,2.007326709
2016/8/22,2.009710189
2016/8/23,2.015642064
2016/8/24,1.999402214
2016/8/25,1.997294636
2016/8/26,1.999869713
2016/8/29,2.005008373
2016/8/30,2.001429321
2016/8/31,1.997685496
2016/9/1,2.003046409
2016/9/2,2.011741128
2016/9/6,2.021708058
2016/9/7,2.024781291
2016/9/8,2.015412147
2016/9/9,1.964228645
2016/9/12,1.997175845
2016/9/13,1.975475451
2016/9/14,1.98256841
2016/9/15,2.011660657
2016/9/16,2.009698693
2016/9/19,2.006043002
2016/9/20,2.008464802
2016/9/21,2.029092247
2016/9/22,2.046083161
2016/9/23,2.033142629
2016/9/26,2.014649586
2016/9/27,2.033127302
2016/9/28,2.038047539
2016/9/29,2.019117653
2016/9/30,2.035537605
2016/10/3,2.031272633
2016/10/4,2.026977004
2016/10/5,2.037078053
2016/10/6,2.033564145
2016/10/7,2.028030794
2016/10/10,2.041925484
2016/10/11,2.010549388
2016/10/12,2.007571955
2016/10/13,1.997727647
2016/10/14,1.9980457
2016/10/17,1.992550668
2016/10/18,2.00941896
2016/10/19,2.010403774
2016/10/20,2.008648736
2016/10/21,2.014615099
2016/10/24,2.034706069
2016/10/25,2.024578197
2016/10/26,2.011882911
2016/10/27,1.998743117
2016/10/28,1.988826002
2016/10/31,1.988458134
2016/11/1,1.974831681
2016/11/2,1.956434437
2016/11/3,1.93836291
2016/11/4,1.933749229
2016/11/7,1.97965612
2016/11/8,1.990125037
2016/11/9,2.012189467
2016/11/10,1.995991769
2016/11/11,2.00684005
2016/11/14,1.999670451
2016/11/15,2.021596931
2016/11/16,2.028862329
2016/11/17,2.043956423
2016/11/18,2.0391818
2016/11/21,2.057326134
2016/11/22,2.064028234
2016/11/23,2.061859344
2016/11/25,2.068845009
2016/11/28,2.057306975
2016/11/29,2.061564283
2016/11/30,2.040013335
2016/12/1,2.012204795
2016/12/2,2.013944506
2016/12/5,2.034345865
2016/12/6,2.043584723
2016/12/7,2.066867717
2016/12/8,2.075911144
2016/12/9,2.086311086
2016/12/12,2.074064139
2016/12/13,2.093718267
2016/12/14,2.083310661
2016/12/15,2.091043558
2016/12/16,2.083498427
2016/12/19,2.091269644
2016/12/20,2.10142434
2016/12/21,2.096630557
2016/12/22,2.087430019
2016/12/23,2.093281423
2016/12/27,2.102765526
2016/12/28,2.084034901
2016/12/29,2.081555623
2016/12/30,2.062790511
2017/1/3,2.080402203
2017/1/4,2.098768791
2017/1/5,2.102957124
2017/1/6,2.115648579
2017/1/9,2.119771768
2017/1/10,2.12743569
2017/1/11,2.1319689
2017/1/12,2.125776451
2017/1/13,2.135980963
2017/1/17,2.122419653
2017/1/18,2.128903331
2017/1/19,2.122936968
2017/1/20,2.128780708
2017/1/23,2.12786487
2017/1/24,2.146265946
2017/1/25,2.167487345
2017/1/26,2.167042837
2017/1/27,2.169188736
2017/1/30,2.151151696
2017/1/31,2.151565548
2017/2/1,2.162241391
2017/2/2,2.159769776
2017/2/3,2.17148408
2017/2/6,2.170250189
2017/2/7,2.174338891
2017/2/8,2.177492595
2017/2/9,2.190034603
2017/2/10,2.197296168
2017/2/13,2.208726908
2017/2/14,2.215858187
2017/2/15,2.229986626
2017/2/16,2.228246916
2017/2/17,2.237321
2017/2/21,2.247809076
2017/2/22,2.245770473
2017/2/23,2.236144588
2017/2/24,2.239899909
2017/2/27,2.246257132
2017/2/28,2.232285803
2017/3/1,2.262401183
2017/3/2,2.245996559
2017/3/3,2.249648418
2017/3/6,2.241382878
2017/3/7,2.235539138
2017/3/8,2.236926308
2017/3/9,2.237409135
2017/3/10,2.246191989
2017/3/13,2.251575894
2017/3/14,2.244310496
2017/3/15,2.260876063
2017/3/16,2.261148132
2017/3/17,2.261240099
2017/3/20,2.261443193
2017/3/21,2.220172975
2017/3/22,2.230829658
2017/3/23,2.229316033
2017/3/24,2.23355035
2017/3/27,2.238006921
2017/3/28,2.251330648
2017/3/29,2.259918073
2017/3/30,2.266351935
2017/3/31,2.265355625
2017/4/3,2.2588183
2017/4/4,2.260324261
2017/4/5,2.247245778
2017/4/6,2.252790625
2017/4/7,2.252353782
2017/4/10,2.253549354
2017/4/11,2.248123297
2017/4/12,2.236393665
2017/4/13,2.224510754
2017/4/17,2.244299
2017/4/18,2.241494005
2017/4/19,2.246690144
2017/4/20,2.267286933
2017/4/21,2.264888126
2017/4/24,2.292976399
2017/4/25,2.30894418
2017/4/26,2.308844549
2017/4/27,2.317930128
2017/4/28,2.317420477
2017/5/1,2.334277273
2017/5/2,2.335721922
2017/5/3,2.326977388
2017/5/4,2.328046505
2017/5/5,2.337787349
2017/5/8,2.338515422
2017/5/9,2.345386128
2017/5/10,2.348662454
2017/5/11,2.34361193
2017/5/12,2.345631373
2017/5/15,2.35652947
2017/5/16,2.364270031
2017/5/17,2.303483636
2017/5/18,2.320302112
2017/5/19,2.331250024
2017/5/22,2.350379173
2017/5/23,2.352329641
2017/5/24,2.361645137
2017/5/25,2.37783134
2017/5/26,2.379720497
2017/5/30,2.377038124
2017/5/31,2.375248598
2017/6/1,2.393760801
2017/6/2,2.416357874
2017/6/5,2.41247993
2017/6/6,2.404578427
2017/6/7,2.413131363
2017/6/8,2.422473684
2017/6/9,2.378850642
2017/6/12,2.366415929
2017/6/13,2.383621433
2017/6/14,2.373857597
2017/6/15,2.362595464
2017/6/16,2.35733035
2017/6/19,2.390764208
2017/6/20,2.371228872
2017/6/21,2.388825236
2017/6/22,2.389875193
2017/6/23,2.400819273
2017/6/26,2.393883424
2017/6/27,2.355360722
2017/6/28,2.389005338
2017/6/29,2.354490867
2017/6/30,2.352984906
2017/7/3,2.341351073
2017/7/5,2.356985473
2017/7/6,2.333457233
2017/7/7,2.357836168
2017/7/10,2.366768469
2017/7/11,2.373252147
2017/7/12,2.399255833
2017/7/13,2.404340845
2017/7/14,2.418913792
2017/7/17,2.419664857
2017/7/18,2.431114756
2017/7/19,2.446722332
2017/7/20,2.448622985
2017/7/21,2.447760794
2017/7/24,2.456597295
2017/7/25,2.457118442
2017/7/26,2.461172657
2017/7/27,2.445630223
2017/7/28,2.442752421
2017/7/31,2.432574733
2017/8/1,2.438253699
2017/8/2,2.438142572
2017/8/3,2.429593467
2017/8/4,2.433892927
2017/8/7,2.446235673
2017/8/8,2.441135333
2017/8/9,2.434187988
2017/8/10,2.382280247
2017/8/11,2.397489299
2017/8/14,2.429551316
2017/8/15,2.42678464
2017/8/16,2.431421313
2017/8/17,2.384215387
2017/8/18,2.38214996
2017/8/21,2.380847093
2017/8/22,2.413169683
2017/8/23,2.405862134
2017/8/24,2.403149105
2017/8/25,2.40096872
2017/8/28,2.407628668
2017/8/29,2.414859578
2017/8/30,2.440311462
2017/8/31,2.463437346
2017/9/1,2.465993263
2017/9/5,2.443093465
2017/9/6,2.449891364
2017/9/7,2.451638738
2017/9/8,2.43719991
2017/9/11,2.464816851
2017/9/12,2.473254829
2017/9/13,2.475519518
2017/9/14,2.463598288
2017/9/15,2.47102846
2017/9/18,2.47339278
2017/9/19,2.47595253
2017/9/20,2.473929254
2017/9/21,2.461149665
2017/9/22,2.462770584
2017/9/25,2.441185149
2017/9/26,2.444852335
2017/9/27,2.472863969
2017/9/28,2.472936776
2017/9/29,2.489226442
2017/10/2,2.497181593
2017/10/3,2.502925702
2017/10/4,2.504044635
2017/10/5,2.523484172
2017/10/6,2.525331177
2017/10/9,2.521326778
2017/10/10,2.524208413
2017/10/11,2.530454509
2017/10/12,2.525840828
2017/10/13,2.5313167
2017/10/16,2.538294701
2017/10/17,2.538160582
2017/10/18,2.538375172
2017/10/19,2.531036967
2017/10/20,2.540226009
2017/10/23,2.52404747
2017/10/24,2.528492545
2017/10/25,2.515256952
2017/10/26,2.512528596
2017/10/27,2.567896598
2017/10/30,2.567015247
2017/10/31,2.578016807
2017/11/1,2.573748003
2017/11/2,2.573138721
2017/11/3,2.592106927
2017/11/6,2.600537241
2017/11/7,2.593386802
2017/11/8,2.601564206
2017/11/9,2.586592735
2017/11/10,2.58693378
2017/11/13,2.589485866
2017/11/14,2.581925407
2017/11/15,2.569793419
2017/11/16,2.603162134
2017/11/17,2.599138575
2017/11/20,2.602173488
2017/11/21,2.629675471
2017/11/22,2.631545468
2017/11/24,2.639899143
2017/11/27,2.635821936
2017/11/28,2.648789292
2017/11/29,2.615079532
2017/11/30,2.634078394
2017/12/1,2.623969682
2017/12/4,2.59629526
2017/12/5,2.5912524
2017/12/6,2.596682288
2017/12/7,2.610653618
2017/12/8,2.621091879
2017/12/11,2.634503742
2017/12/12,2.62961416
2017/12/13,2.634779643
2017/12/14,2.627395455
2017/12/15,2.658070301
2017/12/18,2.680364649
2017/12/19,2.668520058
2017/12/20,2.667412622
2017/12/21,2.669098684
2017/12/22,2.667029426
2017/12/26,2.657943846
2017/12/27,2.659127922
2017/12/28,2.663274104
2017/12/29,2.645352023
2018/1/2,2.68501665
2018/1/3,2.707483436
2018/1/4,2.712231236
2018/1/5,2.734701854
2018/1/8,2.742683829
2018/1/9,2.745055813
2018/1/10,2.74122002
2018/1/11,2.763525864
2018/1/12,2.782409767
2018/1/16,2.768089729
2018/1/17,2.796672325
2018/1/18,2.795817798
2018/1/19,2.811272096
2018/1/22,2.838728096
2018/1/23,2.858753923
2018/1/24,2.841421964
2018/1/25,2.839927499
2018/1/26,2.876181681
2018/1/29,2.861137403
2018/1/30,2.836601357
2018/1/31,2.840050122
2018/2/1,2.830232638
2018/2/2,2.774703694
2018/2/5,2.66993022
2018/2/6,2.726777359
2018/2/7,2.702291129
2018/2/8,2.596981181
2018/2/9,2.634277656
2018/2/12,2.67545974
2018/2/13,2.687549576
2018/2/14,2.737407219
2018/2/15,2.780635569
2018/2/16,2.774136563
2018/2/20,2.772159272
2018/2/21,2.765997479
2018/2/22,2.762878262
2018/2/23,2.811659124
2018/2/26,2.843874419
2018/2/27,2.808961424
2018/2/28,2.78698896
2018/3/1,2.751562482
2018/3/2,2.781187371
2018/3/5,2.809099374
2018/3/6,2.824925373
2018/3/7,2.834367324
2018/3/8,2.846361362
2018/3/9,2.897272793
2018/3/12,2.90781835
2018/3/13,2.878189628
2018/3/14,2.872748244
2018/3/15,2.866973479
2018/3/16,2.867069278
2018/3/19,2.814284017
2018/3/20,2.821970931
2018/3/21,2.814686373
2018/3/22,2.74624372
2018/3/23,2.67956377
2018/3/26,2.766882662
2018/3/27,2.685748554
2018/3/28,2.662917732
2018/3/29,2.706686388
2018/4/2,2.632603089
2018/4/3,2.659871323
2018/4/4,2.698508984
2018/4/5,2.711706257
2018/4/6,2.649843081
2018/4/9,2.663343079
2018/4/10,2.718507988
2018/4/11,2.708824623
2018/4/12,2.736115848
2018/4/13,2.723240459
2018/4/16,2.742262313
2018/4/17,2.790089016
2018/4/18,2.795507409
2018/4/19,2.773596257
2018/4/20,2.738369041
2018/4/23,2.731651613
2018/4/24,2.685189088
2018/4/25,2.68380575
2018/4/26,2.727850308
2018/4/27,2.728279488
2018/4/30,2.707767001
2018/5/1,2.732456325
2018/5/2,2.721037082
2018/5/3,2.716151332
2018/5/4,2.76269816
2018/5/7,2.784000031
2018/5/8,2.784647632
2018/5/9,2.812624778
2018/5/10,2.837559347
2018/5/11,2.836754636
2018/5/14,2.839988811
2018/5/15,2.817115836
2018/5/16,2.834999598
2018/5/17,2.828933604
2018/5/18,2.818154298
2018/5/21,2.833367182
2018/5/22,2.827396987
2018/5/23,2.845598801
2018/5/24,2.845012511
2018/5/25,2.848622218
2018/5/29,2.834344332
2018/5/30,2.859581627
2018/5/31,2.85179125
2018/6/1,2.894789683
2018/6/4,2.914765695
2018/6/5,2.926798052
2018/6/6,2.946486667
2018/6/7,2.925728935
2018/6/8,2.929729502
2018/6/11,2.935255189
2018/6/12,2.95206217
2018/6/13,2.948962113
2018/6/14,2.974000146
2018/6/15,2.968382491
2018/6/18,2.968631568
2018/6/19,2.960415844
2018/6/20,2.981848001
2018/6/21,2.955572246
2018/6/22,2.947858509
2018/6/25,2.886236746
2018/6/26,2.897587014
2018/6/27,2.852929342
2018/6/28,2.875380801
2018/6/29,2.877917559
2018/7/2,2.899909183
