datetime,rjzs
2008/1/4,1
2008/1/7,0.987008735
2008/1/8,0.988922779
2008/1/9,0.993720821
2008/1/10,0.979355283
2008/1/11,0.960478947
2008/1/15,0.951074812
2008/1/16,0.919211294
2008/1/17,0.938197899
2008/1/18,0.943496234
2008/1/21,0.907056573
2008/1/22,0.855809619
2008/1/23,0.873235448
2008/1/24,0.891186074
2008/1/25,0.927695844
2008/1/28,0.890854588
2008/1/29,0.917465376
2008/1/30,0.908355971
2008/1/31,0.925198466
2008/2/1,0.918711002
2008/2/4,0.943388007
2008/2/5,0.935614757
2008/2/6,0.891625787
2008/2/7,0.898970895
2008/2/8,0.886044294
2008/2/12,0.88636557
2008/2/13,0.889519794
2008/2/14,0.927511383
2008/2/15,0.927246602
2008/2/18,0.928120582
2008/2/19,0.936459468
2008/2/20,0.90599677
2008/2/21,0.931719964
2008/2/22,0.918935623
2008/2/25,0.947122843
2008/2/26,0.941007024
2008/2/27,0.955068302
2008/2/28,0.947867495
2008/2/29,0.925916573
2008/3/3,0.884338535
2008/3/4,0.884345342
2008/3/5,0.882969027
2008/3/6,0.899533809
2008/3/7,0.87008667
2008/3/10,0.853024318
2008/3/11,0.861610969
2008/3/12,0.875418357
2008/3/13,0.846306787
2008/3/14,0.833248817
2008/3/17,0.802340279
2008/3/18,0.814364312
2008/3/19,0.834531199
2008/3/21,0.849650918
2008/3/24,0.849482112
2008/3/25,0.867528712
2008/3/26,0.864902007
2008/3/27,0.857955771
2008/3/28,0.872650753
2008/3/31,0.852575757
2008/4/1,0.861484364
2008/4/2,0.897759984
2008/4/3,0.911410137
2008/4/4,0.904829421
2008/4/7,0.915516618
2008/4/8,0.901916834
2008/4/9,0.892486834
2008/4/10,0.881147555
2008/4/11,0.906906144
2008/4/14,0.879255973
2008/4/15,0.884229628
2008/4/16,0.894817448
2008/4/17,0.9119819
2008/4/18,0.917301335
2008/4/21,0.932282878
2008/4/22,0.922159275
2008/4/23,0.924292495
2008/4/24,0.92168621
2008/4/25,0.94364462
2008/4/28,0.945747889
2008/4/30,0.942727077
2008/5/1,0.937068668
2008/5/2,0.956290785
2008/5/7,0.95991331
2008/5/8,0.949075684
2008/5/9,0.929477838
2008/5/12,0.935469094
2008/5/13,0.949788346
2008/5/14,0.961007146
2008/5/15,0.970072988
2008/5/16,0.967877147
2008/5/19,0.971289345
2008/5/20,0.963834649
2008/5/21,0.947921268
2008/5/22,0.951471642
2008/5/23,0.953768222
2008/5/26,0.931849972
2008/5/27,0.945675738
2008/5/28,0.933160262
2008/5/29,0.961410103
2008/5/30,0.975981203
2008/6/2,0.982896808
2008/6/3,0.967175377
2008/6/4,0.982585742
2008/6/5,0.976156815
2008/6/6,0.986252511
2008/6/9,0.965283795
2008/6/10,0.954378783
2008/6/11,0.965426736
2008/6/12,0.945355143
2008/6/13,0.951149685
2008/6/16,0.977058703
2008/6/17,0.976650301
2008/6/18,0.983759898
2008/6/19,0.961798085
2008/6/20,0.948995365
2008/6/23,0.943236218
2008/6/24,0.942697808
2008/6/25,0.941360972
2008/6/26,0.940843663
2008/6/27,0.921923764
2008/6/30,0.917636905
2008/7/1,0.916399447
2008/7/2,0.904363162
2008/7/3,0.902935797
2008/7/4,0.901063274
2008/7/7,0.909377657
2008/7/8,0.887123836
2008/7/9,0.888419151
2008/7/10,0.889445601
2008/7/11,0.887572398
2008/7/14,0.88556238
2008/7/15,0.868164458
2008/7/16,0.868589196
2008/7/17,0.877243913
2008/7/18,0.87150927
2008/7/22,0.897460489
2008/7/23,0.906171021
2008/7/24,0.925936312
2008/7/25,0.907656923
2008/7/28,0.908951557
2008/7/29,0.8957241
2008/7/30,0.909905176
2008/7/31,0.91051914
2008/8/1,0.891309275
2008/8/4,0.880322583
2008/8/5,0.879061982
2008/8/6,0.902220413
2008/8/7,0.893378512
2008/8/8,0.89633398
2008/8/11,0.914201564
2008/8/12,0.905535956
2008/8/13,0.886439763
2008/8/14,0.881930325
2008/8/15,0.886191999
2008/8/18,0.896132502
2008/8/19,0.875685179
2008/8/20,0.874775804
2008/8/21,0.868004501
2008/8/22,0.862139168
2008/8/25,0.876611571
2008/8/26,0.869808276
2008/8/27,0.868055551
2008/8/28,0.869096295
2008/8/29,0.88983086
2008/9/1,0.873583951
2008/9/2,0.858288619
2008/9/3,0.863742146
2008/9/4,0.854762068
2008/9/5,0.831249689
2008/9/8,0.859308943
2008/9/9,0.844074871
2008/9/10,0.840397892
2008/9/11,0.823780699
2008/9/12,0.831421899
2008/9/16,0.79023865
2008/9/17,0.799772792
2008/9/18,0.782042023
2008/9/19,0.811417012
2008/9/22,0.822970021
2008/9/24,0.824633578
2008/9/25,0.81724831
2008/9/26,0.809531556
2008/9/29,0.799352138
2008/9/30,0.766424734
2008/10/1,0.773803195
2008/10/2,0.759270894
2008/10/3,0.744526223
2008/10/6,0.712871671
2008/10/7,0.691281504
2008/10/8,0.626442254
2008/10/9,0.623322744
2008/10/10,0.563351646
2008/10/14,0.643067616
2008/10/15,0.649867508
2008/10/16,0.575741198
2008/10/17,0.591762125
2008/10/20,0.612983369
2008/10/21,0.633448389
2008/10/22,0.590460003
2008/10/23,0.575913408
2008/10/24,0.520649822
2008/10/27,0.487557015
2008/10/28,0.518801123
2008/10/29,0.558959283
2008/10/30,0.614628548
2008/10/31,0.583809178
2008/11/4,0.620403351
2008/11/5,0.648082111
2008/11/6,0.605737639
2008/11/7,0.584218942
2008/11/10,0.618145569
2008/11/11,0.5996225
2008/11/12,0.591877158
2008/11/13,0.560779394
2008/11/14,0.576009382
2008/11/17,0.580106334
2008/11/18,0.566889768
2008/11/19,0.563133151
2008/11/20,0.524322716
2008/11/21,0.538463633
2008/11/25,0.566584827
2008/11/26,0.559049131
2008/11/27,0.569951421
2008/11/28,0.579404564
2008/12/1,0.571573457
2008/12/2,0.535257678
2008/12/3,0.544814963
2008/12/4,0.539379134
2008/12/5,0.538921043
2008/12/8,0.56693333
2008/12/9,0.571481566
2008/12/10,0.589476436
2008/12/11,0.593581555
2008/12/12,0.560590849
2008/12/15,0.589777292
2008/12/16,0.583199298
2008/12/17,0.586228279
2008/12/18,0.589952224
2008/12/19,0.584594671
2008/12/22,0.593801412
2008/12/24,0.579733327
2008/12/25,0.585342047
2008/12/26,0.594872786
2008/12/29,0.595393499
2008/12/30,0.603043547
2009/1/5,0.615537923
2009/1/6,0.61810541
2009/1/7,0.62888722
2009/1/8,0.604191157
2009/1/9,0.601494343
2009/1/13,0.572709495
2009/1/14,0.574379859
2009/1/15,0.54612253
2009/1/16,0.560201506
2009/1/19,0.562018894
2009/1/20,0.549014016
2009/1/21,0.53784082
2009/1/22,0.548057675
2009/1/23,0.527195824
2009/1/26,0.522900116
2009/1/27,0.548692739
2009/1/28,0.551770729
2009/1/29,0.561637038
2009/1/30,0.54413089
2009/2/2,0.535958087
2009/2/3,0.53265888
2009/2/4,0.547186417
2009/2/5,0.541108716
2009/2/6,0.549751181
2009/2/9,0.542427854
2009/2/10,0.540856187
2009/2/12,0.524480632
2009/2/13,0.529520312
2009/2/16,0.527530714
2009/2/17,0.520406823
2009/2/18,0.512846623
2009/2/19,0.514426457
2009/2/20,0.504810634
2009/2/23,0.50207298
2009/2/24,0.494748972
2009/2/25,0.507862758
2009/2/26,0.507638818
2009/2/27,0.515159539
2009/3/2,0.495537869
2009/3/3,0.492105251
2009/3/4,0.496273673
2009/3/5,0.50597526
2009/3/6,0.488251298
2009/3/9,0.482324705
2009/3/10,0.480211225
2009/3/11,0.502070257
2009/3/12,0.489963183
2009/3/13,0.515218076
2009/3/16,0.524398271
2009/3/17,0.541073321
2009/3/18,0.542641584
2009/3/19,0.540857549
2009/3/23,0.559206366
2009/3/24,0.577772998
2009/3/25,0.577207361
2009/3/26,0.587848954
2009/3/27,0.587211847
2009/3/30,0.560605143
2009/3/31,0.551991266
2009/4/1,0.568489342
2009/4/2,0.593529144
2009/4/3,0.595575238
2009/4/6,0.602932598
2009/4/7,0.601225478
2009/4/8,0.585036426
2009/4/9,0.606889332
2009/4/10,0.610159951
2009/4/13,0.607459053
2009/4/14,0.601894576
2009/4/15,0.595106937
2009/4/16,0.595944161
2009/4/17,0.606312124
2009/4/20,0.607480834
2009/4/21,0.592953978
2009/4/22,0.594041008
2009/4/23,0.602189307
2009/4/24,0.592726634
2009/4/27,0.593975663
2009/4/28,0.578145324
2009/4/30,0.600913051
2009/5/1,0.611062519
2009/5/7,0.638856311
2009/5/8,0.642064308
2009/5/11,0.643367791
2009/5/12,0.632928357
2009/5/13,0.635779003
2009/5/14,0.618982793
2009/5/15,0.630641987
2009/5/18,0.615236386
2009/5/19,0.63236204
2009/5/20,0.636061481
2009/5/21,0.630582769
2009/5/22,0.627973081
2009/5/25,0.636222119
2009/5/26,0.633758775
2009/5/27,0.642468626
2009/5/28,0.643327632
2009/5/29,0.648167875
2009/6/1,0.658735275
2009/6/2,0.660543134
2009/6/3,0.663086116
2009/6/4,0.658136966
2009/6/5,0.664879001
2009/6/8,0.6715237
2009/6/9,0.666159341
2009/6/10,0.680090611
2009/6/11,0.67939905
2009/6/12,0.689914719
2009/6/15,0.683370078
2009/6/16,0.663849147
2009/6/17,0.669837
2009/6/18,0.660502974
2009/6/19,0.666121223
2009/6/22,0.668844583
2009/6/23,0.650013171
2009/6/24,0.652784178
2009/6/25,0.666789641
2009/6/26,0.672324168
2009/6/29,0.665931316
2009/6/30,0.677840997
2009/7/1,0.676581077
2009/7/2,0.672239765
2009/7/3,0.6681503
2009/7/6,0.658947644
2009/7/7,0.656695988
2009/7/8,0.641242059
2009/7/9,0.632414452
2009/7/10,0.632157159
2009/7/13,0.616028686
2009/7/14,0.630423492
2009/7/15,0.630929911
2009/7/16,0.636028809
2009/7/17,0.639511116
2009/7/21,0.656983911
2009/7/22,0.661826196
2009/7/23,0.666575911
2009/7/24,0.676895546
2009/7/27,0.68670468
2009/7/28,0.686609386
2009/7/29,0.688377766
2009/7/30,0.691915208
2009/7/31,0.704958203
2009/8/3,0.704661431
2009/8/4,0.706195661
2009/8/5,0.697858817
2009/8/6,0.707085977
2009/8/7,0.708719585
2009/8/10,0.716354659
2009/8/11,0.720520358
2009/8/12,0.710279
2009/8/13,0.715873425
2009/8/14,0.721328314
2009/8/17,0.698953334
2009/8/18,0.700066229
2009/8/19,0.694555526
2009/8/20,0.706767424
2009/8/21,0.696883417
2009/8/24,0.720220183
2009/8/25,0.714523657
2009/8/26,0.724212992
2009/8/27,0.71293157
2009/8/28,0.717027161
2009/8/31,0.714194893
2009/9/1,0.716749447
2009/9/2,0.699759928
2009/9/3,0.695279759
2009/9/4,0.693405875
2009/9/7,0.702515279
2009/9/8,0.707435842
2009/9/9,0.70191629
2009/9/10,0.71563383
2009/9/11,0.710914065
2009/9/14,0.694423476
2009/9/15,0.695482598
2009/9/16,0.699100359
2009/9/17,0.710877989
2009/9/18,0.705891402
2009/9/24,0.717713276
2009/9/25,0.698774318
2009/9/28,0.681317859
2009/9/29,0.687490173
2009/9/30,0.689738425
2009/10/1,0.67921595
2009/10/2,0.66241906
2009/10/5,0.658513376
2009/10/6,0.659691616
2009/10/7,0.667029237
2009/10/8,0.669266599
2009/10/9,0.681785479
2009/10/13,0.685881069
2009/10/14,0.684768174
2009/10/15,0.696914047
2009/10/16,0.698201194
2009/10/19,0.696768384
2009/10/20,0.703597544
2009/10/21,0.703362713
2009/10/22,0.698855317
2009/10/23,0.699932137
2009/10/26,0.705352311
2009/10/27,0.695131373
2009/10/28,0.685778288
2009/10/29,0.673257366
2009/10/30,0.683034508
2009/11/2,0.667257261
2009/11/4,0.670072512
2009/11/5,0.661436853
2009/11/6,0.66633155
2009/11/9,0.667668386
2009/11/10,0.671870842
2009/11/11,0.671935505
2009/11/12,0.667362084
2009/11/13,0.665035555
2009/11/16,0.666456113
2009/11/17,0.66228701
2009/11/18,0.658670611
2009/11/19,0.650003642
2009/11/20,0.646478452
2009/11/24,0.639937215
2009/11/25,0.642663978
2009/11/26,0.638688866
2009/11/27,0.618151695
2009/11/30,0.636123422
2009/12/1,0.651550804
2009/12/2,0.654051585
2009/12/3,0.679149925
2009/12/4,0.682207494
2009/12/7,0.692077888
2009/12/8,0.69023123
2009/12/9,0.680991137
2009/12/10,0.671332432
2009/12/11,0.688012247
2009/12/14,0.68786318
2009/12/15,0.686352093
2009/12/16,0.692745625
2009/12/17,0.691819233
2009/12/18,0.690338776
2009/12/21,0.693158111
2009/12/22,0.706401224
2009/12/24,0.717216387
2009/12/25,0.71434328
2009/12/28,0.723839985
2009/12/29,0.724100682
2009/12/30,0.717864385
2010/1/4,0.725239443
2010/1/5,0.727079974
2010/1/6,0.730457458
2010/1/7,0.727068403
2010/1/8,0.735009097
2010/1/12,0.740510271
2010/1/13,0.730701138
2010/1/14,0.742452903
2010/1/15,0.747518448
2010/1/18,0.738872579
2010/1/19,0.732734298
2010/1/20,0.730870624
2010/1/21,0.739779912
2010/1/22,0.720866819
2010/1/25,0.715567124
2010/1/26,0.70281069
2010/1/27,0.697828187
2010/1/28,0.708869332
2010/1/29,0.694149847
2010/2/1,0.694624954
2010/2/2,0.705928839
2010/2/3,0.708191385
2010/2/4,0.704900347
2010/2/5,0.684555805
2010/2/8,0.677390393
2010/2/9,0.676102566
2010/2/10,0.678218769
2010/2/12,0.686944956
2010/2/15,0.681575152
2010/2/16,0.683001155
2010/2/17,0.701554854
2010/2/18,0.703519267
2010/2/19,0.689081579
2010/2/22,0.707928647
2010/2/23,0.704636247
2010/2/24,0.69420362
2010/2/25,0.687609971
2010/2/26,0.689248343
2010/3/1,0.692381466
2010/3/2,0.695769841
2010/3/3,0.697900338
2010/3/4,0.690588582
2010/3/5,0.705783856
2010/3/8,0.720551669
2010/3/9,0.719308085
2010/3/10,0.719054196
2010/3/11,0.725931003
2010/3/12,0.731805865
2010/3/15,0.731854873
2010/3/16,0.729794485
2010/3/17,0.738321237
2010/3/18,0.73131374
2010/3/19,0.736806066
2010/3/23,0.733363918
2010/3/24,0.736146496
2010/3/25,0.737087182
2010/3/26,0.748489764
2010/3/29,0.747815901
2010/3/30,0.755348874
2010/3/31,0.754858792
2010/4/1,0.765372418
2010/4/2,0.768210131
2010/4/5,0.771831975
2010/4/6,0.767953518
2010/4/7,0.768668902
2010/4/8,0.760185714
2010/4/9,0.762645655
2010/4/12,0.765882921
2010/4/13,0.759711287
2010/4/14,0.762683772
2010/4/15,0.767372907
2010/4/16,0.755691932
2010/4/19,0.742527096
2010/4/20,0.741976434
2010/4/21,0.754866279
2010/4/22,0.745271557
2010/4/23,0.742914397
2010/4/26,0.760021673
2010/4/27,0.763211972
2010/4/28,0.743617529
2010/4/30,0.752643892
2010/5/6,0.728023382
2010/5/7,0.705486403
2010/5/10,0.71679301
2010/5/11,0.708652199
2010/5/12,0.707490295
2010/5/13,0.722908829
2010/5/14,0.712151523
2010/5/17,0.696717333
2010/5/18,0.697185634
2010/5/19,0.693387497
2010/5/20,0.682732971
2010/5/21,0.666004148
2010/5/24,0.664224877
2010/5/25,0.643906201
2010/5/26,0.648178766
2010/5/27,0.656146687
2010/5/28,0.664536624
2010/5/31,0.664925967
2010/6/1,0.661054997
2010/6/2,0.653663603
2010/6/3,0.674829033
2010/6/4,0.673944162
2010/6/7,0.648052161
2010/6/8,0.649218829
2010/6/9,0.64249313
2010/6/10,0.649539425
2010/6/11,0.660607117
2010/6/14,0.672491612
2010/6/15,0.673038871
2010/6/16,0.685240559
2010/6/17,0.680629021
2010/6/18,0.680330887
2010/6/21,0.696870484
2010/6/22,0.688353943
2010/6/23,0.67547635
2010/6/24,0.675792181
2010/6/25,0.662800916
2010/6/28,0.659837279
2010/6/29,0.651446662
2010/6/30,0.638648026
2010/7/1,0.625644509
2010/7/2,0.6264688
2010/7/5,0.630761785
2010/7/6,0.635612239
2010/7/7,0.631637807
2010/7/8,0.649069082
2010/7/9,0.652443843
2010/7/12,0.64991107
2010/7/13,0.649170502
2010/7/14,0.666732465
2010/7/15,0.659264836
2010/7/16,0.640398709
2010/7/20,0.633054281
2010/7/21,0.631581992
2010/7/22,0.627637511
2010/7/23,0.641937023
2010/7/26,0.646885493
2010/7/27,0.646421957
2010/7/28,0.663875693
2010/7/29,0.659978858
2010/7/30,0.649175266
2010/8/2,0.651422158
2010/8/3,0.659842044
2010/8/4,0.645910774
2010/8/5,0.657113238
2010/8/6,0.656310048
2010/8/9,0.651570544
2010/8/10,0.650111187
2010/8/11,0.632536292
2010/8/12,0.627073235
2010/8/13,0.629855133
2010/8/16,0.625989609
2010/8/17,0.623607945
2010/8/18,0.628975708
2010/8/19,0.637289409
2010/8/20,0.624812731
2010/8/23,0.620545611
2010/8/24,0.612272069
2010/8/25,0.602079038
2010/8/26,0.60623725
2010/8/27,0.611994356
2010/8/30,0.622762553
2010/8/31,0.600627169
2010/9/1,0.607635346
2010/9/2,0.616880204
2010/9/3,0.62037136
2010/9/6,0.633112819
2010/9/7,0.627986014
2010/9/8,0.614277323
2010/9/9,0.619299986
2010/9/10,0.628882456
2010/9/13,0.634508192
2010/9/14,0.632976004
2010/9/15,0.647763557
2010/9/16,0.647283004
2010/9/17,0.655218934
2010/9/21,0.653586688
2010/9/22,0.65115057
2010/9/24,0.64470803
2010/9/27,0.653656797
2010/9/28,0.646347764
2010/9/29,0.650678185
2010/9/30,0.637743416
2010/10/1,0.640117593
2010/10/4,0.63854048
2010/10/5,0.647913304
2010/10/6,0.659666431
2010/10/7,0.659215827
2010/10/8,0.652686162
2010/10/12,0.639056428
2010/10/13,0.640068584
2010/10/14,0.652320642
2010/10/15,0.646653385
2010/10/18,0.646533587
2010/10/19,0.64932161
2010/10/20,0.638577237
2010/10/21,0.638228734
2010/10/22,0.641647738
2010/10/25,0.639908627
2010/10/26,0.638289994
2010/10/27,0.63894684
2010/10/28,0.637517434
2010/10/29,0.626383036
2010/11/1,0.623134199
2010/11/2,0.623492231
2010/11/4,0.637023948
2010/11/5,0.655212127
2010/11/8,0.66249053
2010/11/9,0.659874716
2010/11/10,0.669133868
2010/11/11,0.671239861
2010/11/12,0.661938507
2010/11/15,0.668928986
2010/11/16,0.666859069
2010/11/17,0.667850125
2010/11/18,0.681597614
2010/11/19,0.682193881
2010/11/22,0.688510497
2010/11/24,0.682719358
2010/11/25,0.686098884
2010/11/26,0.683362591
2010/11/29,0.68924562
2010/11/30,0.676384363
2010/12/1,0.67985646
2010/12/2,0.692140509
2010/12/3,0.692807566
2010/12/6,0.692052703
2010/12/7,0.690274113
2010/12/8,0.696483864
2010/12/9,0.700128851
2010/12/10,0.695096659
2010/12/13,0.700674067
2010/12/14,0.70223144
2010/12/15,0.701755652
2010/12/16,0.701858433
2010/12/17,0.701350653
2010/12/20,0.695400237
2010/12/21,0.705890721
2010/12/22,0.70425371
2010/12/24,0.699673483
2010/12/27,0.704901027
2010/12/28,0.700588303
2010/12/29,0.70412166
2010/12/30,0.696251755
2011/1/4,0.707767328
2011/1/5,0.706587727
2011/1/6,0.716729027
2011/1/7,0.717496823
2011/1/11,0.715430309
2011/1/12,0.715574611
2011/1/13,0.720813047
2011/1/14,0.71463801
2011/1/17,0.714898025
2011/1/18,0.715995265
2011/1/19,0.718589979
2011/1/20,0.710436235
2011/1/21,0.69935561
2011/1/24,0.704160458
2011/1/25,0.71228153
2011/1/26,0.708025983
2011/1/27,0.713250804
2011/1/28,0.705197119
2011/1/31,0.696864358
2011/2/1,0.699354249
2011/2/2,0.711800978
2011/2/3,0.710031236
2011/2/4,0.717665629
2011/2/7,0.720968239
2011/2/8,0.723959103
2011/2/9,0.722723687
2011/2/10,0.721894631
2011/2/14,0.730055182
2011/2/15,0.731493437
2011/2/16,0.735687725
2011/2/17,0.737617424
2011/2/18,0.738036717
2011/2/21,0.739039343
2011/2/22,0.725913986
2011/2/23,0.720087452
2011/2/24,0.711484466
2011/2/25,0.716524826
2011/2/28,0.723149786
2011/3/1,0.73199441
2011/3/2,0.714184683
2011/3/3,0.720558476
2011/3/4,0.727885206
2011/3/7,0.71504505
2011/3/8,0.716417961
2011/3/9,0.720795349
2011/3/10,0.710236798
2011/3/11,0.697988144
2011/3/14,0.654837759
2011/3/15,0.585726625
2011/3/16,0.618982113
2011/3/17,0.610061934
2011/3/18,0.626675724
2011/3/22,0.654009384
2011/3/23,0.643196943
2011/3/24,0.642212694
2011/3/25,0.649095628
2011/3/28,0.64517497
2011/3/29,0.643851067
2011/3/30,0.660848074
2011/3/31,0.664000256
2011/4/1,0.660820847
2011/4/4,0.66153555
2011/4/5,0.654501508
2011/4/6,0.652379179
2011/4/7,0.652825699
2011/4/8,0.664883765
2011/4/11,0.661590685
2011/4/12,0.650397749
2011/4/13,0.656246065
2011/4/14,0.657113238
2011/4/15,0.652865858
2011/4/18,0.650492363
2011/4/19,0.642622458
2011/4/20,0.653907283
2011/4/21,0.659281172
2011/4/22,0.659038853
2011/4/25,0.658341167
2011/4/26,0.650631219
2011/4/27,0.659694338
2011/4/28,0.670442115
2011/5/2,0.680955742
2011/5/6,0.671086029
2011/5/9,0.666673927
2011/5/10,0.6683334
2011/5/11,0.671430448
2011/5/12,0.66138308
2011/5/13,0.656762693
2011/5/16,0.650604673
2011/5/17,0.651198217
2011/5/18,0.657668665
2011/5/19,0.654860221
2011/5/20,0.653924981
2011/5/23,0.643956571
2011/5/24,0.645082398
2011/5/25,0.641387042
2011/5/26,0.650859924
2011/5/27,0.648129757
2011/5/30,0.646974661
2011/5/31,0.659822985
2011/6/1,0.661584559
2011/6/2,0.650382775
2011/6/3,0.646106126
2011/6/6,0.638492153
2011/6/7,0.642753146
2011/6/8,0.643196262
2011/6/9,0.644400367
2011/6/10,0.647619255
2011/6/13,0.643111179
2011/6/14,0.649889289
2011/6/15,0.651695106
2011/6/16,0.640597465
2011/6/17,0.636521614
2011/6/20,0.636720369
2011/6/21,0.643890546
2011/6/22,0.655446278
2011/6/23,0.653221168
2011/6/24,0.658800619
2011/6/27,0.651966693
2011/6/28,0.656776987
2011/6/29,0.66686996
2011/6/30,0.668151661
2011/7/1,0.671689783
2011/7/4,0.678293642
2011/7/5,0.678795296
2011/7/6,0.686284026
2011/7/7,0.685512146
2011/7/8,0.690044727
2011/7/11,0.685402558
2011/7/12,0.675627458
2011/7/13,0.678160912
2011/7/14,0.676321742
2011/7/15,0.678932111
2011/7/19,0.673163434
2011/7/20,0.681071456
2011/7/21,0.681377077
2011/7/22,0.68966219
2011/7/25,0.684073891
2011/7/26,0.687321367
2011/7/27,0.683881942
2011/7/28,0.673955053
2011/7/29,0.669304716
2011/8/1,0.678288197
2011/8/2,0.670091571
2011/8/3,0.655971074
2011/8/4,0.657471271
2011/8/5,0.633014803
2011/8/8,0.61924349
2011/8/9,0.608823796
2011/8/10,0.61523979
2011/8/11,0.611373585
2011/8/12,0.610133404
2011/8/15,0.618484543
2011/8/16,0.619915311
2011/8/17,0.61650039
2011/8/18,0.608774787
2011/8/19,0.593492388
2011/8/22,0.587290805
2011/8/23,0.59442967
2011/8/24,0.588072214
2011/8/25,0.597108106
2011/8/26,0.598838369
2011/8/29,0.602484717
2011/8/30,0.609464987
2011/8/31,0.609553474
2011/9/1,0.616741347
2011/9/2,0.609249895
2011/9/5,0.597931717
2011/9/6,0.584734209
2011/9/7,0.596498907
2011/9/8,0.598521177
2011/9/9,0.594746182
2011/9/12,0.580997331
2011/9/13,0.586502589
2011/9/14,0.579833386
2011/9/15,0.590063173
2011/9/16,0.603356655
2011/9/20,0.593628522
2011/9/21,0.594984416
2011/9/22,0.582671098
2011/9/26,0.57000179
2011/9/27,0.586053347
2011/9/28,0.586441329
2011/9/29,0.592266501
2011/9/30,0.592202518
2011/10/3,0.581665068
2011/10/4,0.575582602
2011/10/5,0.570604183
2011/10/6,0.580068217
2011/10/7,0.585758617
2011/10/11,0.597197954
2011/10/12,0.594830585
2011/10/13,0.600572035
2011/10/14,0.595447272
2011/10/17,0.60440761
2011/10/18,0.595035466
2011/10/19,0.597120358
2011/10/20,0.590967783
2011/10/21,0.590745885
2011/10/24,0.601983064
2011/10/25,0.596424033
2011/10/26,0.595481986
2011/10/27,0.607602674
2011/10/28,0.616038216
2011/10/31,0.611812617
2011/11/1,0.601407217
2011/11/2,0.588127348
2011/11/4,0.599084771
2011/11/7,0.596749393
2011/11/8,0.589154479
2011/11/9,0.595956413
2011/11/10,0.578623835
2011/11/11,0.579554311
2011/11/14,0.585627928
2011/11/15,0.58142343
2011/11/16,0.576061794
2011/11/17,0.577182857
2011/11/18,0.570054882
2011/11/21,0.568241578
2011/11/22,0.565959292
2011/11/24,0.555779193
2011/11/25,0.555427287
2011/11/28,0.564104466
2011/11/29,0.577059656
2011/11/30,0.574118481
2011/12/1,0.585197745
2011/12/2,0.588354011
2011/12/5,0.59190915
2011/12/6,0.583685296
2011/12/7,0.593691824
2011/12/8,0.589771846
2011/12/9,0.581051104
2011/12/12,0.589039445
2011/12/13,0.582163999
2011/12/14,0.579871503
2011/12/15,0.570222327
2011/12/16,0.571879758
2011/12/19,0.564691885
2011/12/20,0.567439068
2011/12/21,0.575845341
2011/12/22,0.571433239
2011/12/26,0.577163118
2011/12/27,0.57452348
2011/12/28,0.573370425
2011/12/29,0.571687129
2011/12/30,0.575530191
2012/1/4,0.582660888
2012/1/5,0.577800905
2012/1/6,0.571105837
2012/1/10,0.573277854
2012/1/11,0.57502173
2012/1/12,0.570781838
2012/1/13,0.578570743
2012/1/16,0.570289714
2012/1/17,0.576282331
2012/1/18,0.58201221
2012/1/19,0.588076978
2012/1/20,0.596699704
2012/1/23,0.596668393
2012/1/24,0.597990935
2012/1/25,0.604686004
2012/1/26,0.602356751
2012/1/27,0.601795199
2012/1/30,0.598516412
2012/1/31,0.599160326
2012/2/1,0.599655853
2012/2/2,0.604218383
2012/2/3,0.601162856
2012/2/6,0.607783732
2012/2/7,0.60698871
2012/2/8,0.613664039
2012/2/9,0.612755345
2012/2/10,0.609006896
2012/2/13,0.61254706
2012/2/14,0.616147123
2012/2/15,0.630323434
2012/2/16,0.628809624
2012/2/17,0.638752169
2012/2/20,0.645621489
2012/2/21,0.644119251
2012/2/22,0.650311985
2012/2/23,0.65314153
2012/2/24,0.65666808
2012/2/27,0.655752579
2012/2/28,0.661782634
2012/2/29,0.661831642
2012/3/1,0.660751419
2012/3/2,0.665492965
2012/3/5,0.660153791
2012/3/6,0.656004427
2012/3/7,0.651813543
2012/3/8,0.664943664
2012/3/9,0.675887474
2012/3/12,0.673172963
2012/3/13,0.673800541
2012/3/14,0.684108605
2012/3/15,0.689061159
2012/3/16,0.689506998
2012/3/19,0.690334692
2012/3/21,0.686556974
2012/3/22,0.689319813
2012/3/23,0.681450589
2012/3/26,0.681911403
2012/3/27,0.698037152
2012/3/28,0.69309685
2012/3/29,0.68848327
2012/3/30,0.686357538
2012/4/2,0.688148381
2012/4/3,0.684099756
2012/4/4,0.668417123
2012/4/5,0.664851774
2012/4/6,0.659463591
2012/4/9,0.649785147
2012/4/10,0.649224275
2012/4/11,0.643827924
2012/4/12,0.648323748
2012/4/13,0.656028931
2012/4/16,0.644637921
2012/4/17,0.644234284
2012/4/18,0.658021252
2012/4/19,0.652652128
2012/4/20,0.650812958
2012/4/23,0.649506753
2012/4/24,0.644460947
2012/4/25,0.650789135
2012/4/26,0.65084495
2012/4/27,0.648058287
2012/5/1,0.636490984
2012/5/2,0.638485346
2012/5/7,0.620712375
2012/5/8,0.624967243
2012/5/9,0.615669973
2012/5/10,0.613259721
2012/5/11,0.609424827
2012/5/14,0.610822242
2012/5/15,0.605846546
2012/5/16,0.599069116
2012/5/17,0.604202728
2012/5/18,0.586145918
2012/5/21,0.58768287
2012/5/22,0.594176461
2012/5/23,0.582421973
2012/5/24,0.582883467
2012/5/25,0.584041287
2012/5/28,0.584909821
2012/5/29,0.589261344
2012/5/30,0.587635224
2012/5/31,0.581477884
2012/6/1,0.574502379
2012/6/4,0.564658532
2012/6/5,0.570537477
2012/6/6,0.580851668
2012/6/7,0.588079701
2012/6/8,0.575796333
2012/6/11,0.587070948
2012/6/12,0.581068801
2012/6/13,0.584548386
2012/6/14,0.583258516
2012/6/15,0.583287785
2012/6/18,0.593613547
2012/6/19,0.589178983
2012/6/20,0.595743363
2012/6/21,0.60062785
2012/6/22,0.598877167
2012/6/25,0.594539258
2012/6/26,0.589731687
2012/6/27,0.594258141
2012/6/28,0.604033922
2012/6/29,0.613064369
2012/7/2,0.612839748
2012/7/3,0.617135455
2012/7/4,0.619693413
2012/7/5,0.61803462
2012/7/6,0.614015265
2012/7/9,0.605583807
2012/7/10,0.602918985
2012/7/11,0.602460894
2012/7/12,0.593544799
2012/7/13,0.593824555
2012/7/17,0.595926463
2012/7/18,0.59400289
2012/7/19,0.598686579
2012/7/20,0.590131921
2012/7/23,0.579135699
2012/7/24,0.577758704
2012/7/25,0.569441599
2012/7/26,0.57469637
2012/7/27,0.583105366
2012/7/30,0.587788374
2012/7/31,0.591846528
2012/8/1,0.588224684
2012/8/2,0.588995883
2012/8/3,0.582320553
2012/8/6,0.59397226
2012/8/7,0.599214779
2012/8/8,0.604513794
2012/8/9,0.611146241
2012/8/10,0.605213523
2012/8/13,0.604785381
2012/8/14,0.607830018
2012/8/15,0.607500573
2012/8/16,0.618916768
2012/8/17,0.62366376
2012/8/20,0.62425322
2012/8/21,0.623283946
2012/8/22,0.621570019
2012/8/23,0.624726966
2012/8/24,0.617419295
2012/8/27,0.618415115
2012/8/28,0.614868825
2012/8/29,0.617354631
2012/8/30,0.611498828
2012/8/31,0.601706031
2012/9/3,0.597892918
2012/9/4,0.597322517
2012/9/5,0.590809187
2012/9/6,0.590860237
2012/9/7,0.603866477
2012/9/10,0.603711284
2012/9/11,0.599491812
2012/9/12,0.609877473
2012/9/13,0.61227275
2012/9/14,0.623452072
2012/9/18,0.621027526
2012/9/19,0.62840871
2012/9/20,0.618523341
2012/9/21,0.620090243
2012/9/24,0.617319236
2012/9/25,0.618833727
2012/9/26,0.606252225
2012/9/27,0.609190677
2012/9/28,0.603765057
2012/10/1,0.598751924
2012/10/2,0.598039943
2012/10/3,0.595373079
2012/10/4,0.600663245
2012/10/5,0.603298118
2012/10/9,0.59691956
2012/10/10,0.585119468
2012/10/11,0.581753555
2012/10/12,0.580891827
2012/10/15,0.583873842
2012/10/16,0.592271947
2012/10/17,0.599435316
2012/10/18,0.611436207
2012/10/19,0.612785294
2012/10/22,0.613331872
2012/10/23,0.613572829
2012/10/24,0.609492213
2012/10/25,0.616360172
2012/10/26,0.608046471
2012/10/29,0.607793262
2012/10/30,0.60184693
2012/10/31,0.607721791
2012/11/1,0.608986476
2012/11/2,0.616089266
2012/11/5,0.613109293
2012/11/6,0.61091141
2012/11/7,0.610757579
2012/11/8,0.601518166
2012/11/9,0.596103437
2012/11/12,0.590579121
2012/11/13,0.58953157
2012/11/14,0.589782056
2012/11/15,0.601012428
2012/11/16,0.614247373
2012/11/19,0.623030737
2012/11/20,0.62231195
2012/11/21,0.62774914
2012/11/22,0.637569845
2012/11/26,0.639076848
2012/11/27,0.64141563
2012/11/28,0.63359133
2012/11/29,0.639889568
2012/11/30,0.642961431
2012/12/3,0.643789806
2012/12/4,0.642039124
2012/12/5,0.6445154
2012/12/6,0.649710273
2012/12/7,0.648500723
2012/12/10,0.648933629
2012/12/11,0.648359824
2012/12/12,0.652181104
2012/12/13,0.663158267
2012/12/14,0.662806361
2012/12/17,0.669022238
2012/12/18,0.675429384
2012/12/19,0.691587805
2012/12/20,0.683346935
2012/12/21,0.676589926
2012/12/25,0.686123388
2012/12/26,0.696349772
2012/12/27,0.702654136
2012/12/28,0.707568572
2013/1/4,0.727507435
2013/1/7,0.721442666
2013/1/8,0.715251974
2013/1/9,0.720051377
2013/1/10,0.725093099
2013/1/11,0.735230315
2013/1/15,0.740506187
2013/1/16,0.721540002
2013/1/17,0.722166218
2013/1/18,0.742835439
2013/1/21,0.731566269
2013/1/22,0.728992656
2013/1/23,0.713817802
2013/1/24,0.72293061
2013/1/25,0.743744133
2013/1/28,0.736778158
2013/1/29,0.739664879
2013/1/30,0.75649308
2013/1/31,0.758175015
2013/2/1,0.761760784
2013/2/4,0.766458087
2013/2/5,0.75193055
2013/2/6,0.780302912
2013/2/7,0.773041526
2013/2/8,0.759161986
2013/2/12,0.773861733
2013/2/13,0.765849568
2013/2/14,0.76965247
2013/2/15,0.760568931
2013/2/18,0.776499329
2013/2/19,0.774080909
2013/2/20,0.780611255
2013/2/21,0.769778394
2013/2/22,0.77500662
2013/2/25,0.793832587
2013/2/26,0.775882642
2013/2/27,0.766023819
2013/2/28,0.786810796
2013/3/1,0.790011306
2013/3/4,0.793136261
2013/3/5,0.795257229
2013/3/6,0.812193656
2013/3/7,0.814631135
2013/3/8,0.836108992
2013/3/11,0.840562614
2013/3/12,0.838232001
2013/3/13,0.833116767
2013/3/14,0.842750287
2013/3/15,0.854986009
2013/3/18,0.831821452
2013/3/19,0.848674838
2013/3/21,0.860073335
2013/3/22,0.83984655
2013/3/25,0.853999718
2013/3/26,0.848905585
2013/3/27,0.85041463
2013/3/28,0.839671618
2013/3/29,0.843888367
2013/4/1,0.825994237
2013/4/2,0.817037303
2013/4/3,0.841457695
2013/4/4,0.859995058
2013/4/5,0.873547195
2013/4/8,0.89797984
2013/4/9,0.897963504
2013/4/10,0.90448296
2013/4/11,0.922250485
2013/4/12,0.917892837
2013/4/15,0.903634164
2013/4/16,0.899943572
2013/4/17,0.910932987
2013/4/18,0.899850321
2013/4/19,0.906412659
2013/4/22,0.923558052
2013/4/23,0.920922498
2013/4/24,0.942282599
2013/4/25,0.947906294
2013/4/26,0.945050883
2013/4/30,0.943466965
2013/5/1,0.939280164
2013/5/2,0.93211203
2013/5/7,0.965206199
2013/5/8,0.972383862
2013/5/9,0.965971272
2013/5/10,0.994291222
2013/5/13,1.006180482
2013/5/14,1.004561169
2013/5/15,1.027541264
2013/5/16,1.023539606
2013/5/17,1.030406203
2013/5/20,1.04556404
2013/5/21,1.046939674
2013/5/22,1.063700489
2013/5/23,0.985880865
2013/5/24,0.994625431
2013/5/27,0.962647561
2013/5/28,0.974173343
2013/5/29,0.975158953
2013/5/30,0.924964316
2013/5/31,0.937591422
2013/6/3,0.902692117
2013/6/4,0.921202254
2013/6/5,0.885882975
2013/6/6,0.87833775
2013/6/7,0.876534655
2013/6/10,0.919870863
2013/6/11,0.906490255
2013/6/12,0.904563959
2013/6/13,0.847119507
2013/6/14,0.86353318
2013/6/17,0.887125198
2013/6/18,0.885366347
2013/6/19,0.901562205
2013/6/20,0.885863236
2013/6/21,0.900535075
2013/6/24,0.889144064
2013/6/25,0.882783885
2013/6/26,0.87357238
2013/6/27,0.899406524
2013/6/28,0.93097395
2013/7/1,0.942897925
2013/7/2,0.959658739
2013/7/3,0.956719607
2013/7/4,0.954226313
2013/7/5,0.974036529
2013/7/8,0.960380249
2013/7/9,0.985126683
2013/7/10,0.981294512
2013/7/11,0.985104901
2013/7/12,0.987396717
2013/7/16,0.993718098
2013/7/17,0.994801724
2013/7/18,1.007969963
2013/7/19,0.993091201
2013/7/22,0.997728605
2013/7/23,1.005928634
2013/7/24,1.002713831
2013/7/25,0.991254754
2013/7/26,0.961785152
2013/7/29,0.929871946
2013/7/30,0.944076845
2013/7/31,0.930361347
2013/8/1,0.953330552
2013/8/2,0.984667911
2013/8/5,0.97050181
2013/8/6,0.980236751
2013/8/7,0.941021999
2013/8/8,0.926089463
2013/8/9,0.926744948
2013/8/12,0.920226854
2013/8/13,0.943884896
2013/8/14,0.956352045
2013/8/15,0.936121176
2013/8/16,0.929121847
2013/8/19,0.936474443
2013/8/20,0.911851211
2013/8/21,0.913753683
2013/8/22,0.90972684
2013/8/23,0.929832467
2013/8/26,0.928180481
2013/8/27,0.92178831
2013/8/28,0.907908771
2013/8/29,0.916161893
2013/8/30,0.911339347
2013/9/2,0.923867757
2013/9/3,0.951470281
2013/9/4,0.956604574
2013/9/5,0.957349907
2013/9/6,0.943463561
2013/9/9,0.966907193
2013/9/10,0.981754644
2013/9/11,0.981871039
2013/9/12,0.979298107
2013/9/13,0.980482472
2013/9/17,0.974152243
2013/9/18,0.987336137
2013/9/19,1.005089369
2013/9/20,1.003472097
2013/9/24,1.00280436
2013/9/25,0.995175412
2013/9/26,1.007331495
2013/9/27,1.004673479
2013/9/30,0.983962737
2013/10/1,0.985931235
2013/10/2,0.964542546
2013/10/3,0.963641339
2013/10/4,0.954592514
2013/10/7,0.94295374
2013/10/8,0.945764225
2013/10/9,0.95551346
2013/10/10,0.966191128
2013/10/11,0.980487237
2013/10/15,0.982992102
2013/10/16,0.984734617
2013/10/17,0.992859773
2013/10/18,0.991160141
2013/10/21,1.000147025
2013/10/22,1.001486583
2013/10/23,0.981937745
2013/10/24,0.986046268
2013/10/25,0.958940633
2013/10/28,0.979895054
2013/10/29,0.975126281
2013/10/30,0.987131256
2013/10/31,0.975259693
2013/11/1,0.966658068
2013/11/5,0.968278062
2013/11/6,0.97589748
2013/11/7,0.968487027
2013/11/8,0.95884602
2013/11/11,0.971305001
2013/11/12,0.993007479
2013/11/13,0.991542677
2013/11/14,1.012592392
2013/11/15,1.032298466
2013/11/18,1.032188197
2013/11/19,1.029619349
2013/11/20,1.026183328
2013/11/21,1.045890081
2013/11/22,1.046987321
2013/11/25,1.063147104
2013/11/26,1.056075625
2013/11/27,1.05160975
2013/11/28,1.070497658
2013/11/29,1.066056287
2013/12/2,1.065593432
2013/12/3,1.072031888
2013/12/4,1.048772038
2013/12/5,1.033086001
2013/12/6,1.041415358
2013/12/9,1.065262626
2013/12/10,1.06261482
2013/12/11,1.056063373
2013/12/12,1.044271448
2013/12/13,1.048443274
2013/12/16,1.031412914
2013/12/17,1.039970296
2013/12/18,1.061014566
2013/12/19,1.079489307
2013/12/20,1.080251657
2013/12/24,1.081538804
2013/12/25,1.089751767
2013/12/26,1.100945382
2013/12/27,1.101251684
2013/12/30,1.108900371
2014/1/6,1.082869514
2014/1/7,1.076436503
2014/1/8,1.097338513
2014/1/9,1.080926201
2014/1/10,1.083085967
2014/1/14,1.049756286
2014/1/15,1.076052605
2014/1/16,1.071864443
2014/1/17,1.07099727
2014/1/20,1.064682015
2014/1/21,1.075183389
2014/1/22,1.076885064
2014/1/23,1.068371926
2014/1/24,1.0476571
2014/1/27,1.021394815
2014/1/28,1.019654342
2014/1/29,1.047136388
2014/1/30,1.021485344
2014/1/31,1.015187106
2014/2/3,0.995080118
2014/2/4,0.953514333
2014/2/5,0.965215728
2014/2/6,0.963496356
2014/2/7,0.98441266
2014/2/10,1.001833044
2014/2/12,1.007395478
2014/2/13,0.989335945
2014/2/14,0.974244814
2014/2/17,0.979695618
2014/2/18,1.01033461
2014/2/19,1.005113192
2014/2/20,0.983512134
2014/2/21,1.011861353
2014/2/24,1.009956158
2014/2/25,1.024517048
2014/2/26,1.019028807
2014/2/27,1.015771121
2014/2/28,1.010186905
2014/3/3,0.997333135
2014/3/4,1.002046774
2014/3/5,1.014036774
2014/3/6,1.030176818
2014/3/7,1.03965991
2014/3/10,1.029182359
2014/3/11,1.036259283
2014/3/12,1.00945995
2014/3/13,1.008479104
2014/3/14,0.975240634
2014/3/17,0.971837965
2014/3/18,0.980931715
2014/3/19,0.984420148
2014/3/20,0.968200465
2014/3/24,0.985290044
2014/3/25,0.981743073
2014/3/26,0.985416648
2014/3/27,0.99533605
2014/3/28,1.000314469
2014/3/31,1.009285698
2014/4/1,1.006846177
2014/4/2,1.017350955
2014/4/3,1.025897446
2014/4/4,1.025345423
2014/4/7,1.007993787
2014/4/8,0.994246298
2014/4/9,0.9733368
2014/4/10,0.973366069
2014/4/11,0.950218529
2014/4/14,0.946822667
2014/4/15,0.952720671
2014/4/16,0.981368024
2014/4/17,0.981357814
2014/4/18,0.988078748
2014/4/21,0.987813967
2014/4/22,0.979400207
2014/4/23,0.990120758
2014/4/24,0.980504254
2014/4/25,0.98215624
2014/4/28,0.972556753
2014/4/30,0.973637656
2014/5/1,0.985959142
2014/5/2,0.984079132
2014/5/7,0.955214646
2014/5/8,0.964085816
2014/5/9,0.966523295
2014/5/12,0.963115181
2014/5/13,0.981896224
2014/5/14,0.980556665
2014/5/15,0.973236061
2014/5/16,0.959512395
2014/5/19,0.953376157
2014/5/20,0.958059846
2014/5/21,0.95580819
2014/5/22,0.975930152
2014/5/23,0.984396324
2014/5/26,0.993949526
2014/5/27,0.999340431
2014/5/28,0.998607349
2014/5/29,0.999340431
2014/5/30,0.995982006
2014/6/2,1.016643059
2014/6/3,1.023336086
2014/6/4,1.025630624
2014/6/5,1.026407268
2014/6/6,1.026262285
2014/6/9,1.029445098
2014/6/10,1.020650843
2014/6/11,1.025734085
2014/6/12,1.019203058
2014/6/13,1.027664465
2014/6/16,1.016464043
2014/6/17,1.019369142
2014/6/18,1.028886948
2014/6/19,1.045587864
2014/6/20,1.044788758
2014/6/23,1.046140568
2014/6/24,1.046614314
2014/6/25,1.03915213
2014/6/26,1.042002776
2014/6/27,1.027471155
2014/6/30,1.03203845
2014/7/1,1.043208242
2014/7/2,1.046187534
2014/7/3,1.044711842
2014/7/4,1.050758913
2014/7/7,1.046832128
2014/7/8,1.042405732
2014/7/9,1.041605265
2014/7/10,1.035739252
2014/7/11,1.0321705
2014/7/14,1.041208434
2014/7/15,1.047902141
2014/7/16,1.046822599
2014/7/17,1.046207274
2014/7/18,1.035687521
2014/7/22,1.044370826
2014/7/23,1.04336888
2014/7/24,1.040364403
2014/7/25,1.052170622
2014/7/28,1.057039454
2014/7/29,1.063074953
2014/7/30,1.06499172
2014/7/31,1.063258734
2014/8/1,1.056611312
2014/8/4,1.053302576
2014/8/5,1.042807328
2014/8/6,1.031881215
2014/8/7,1.036821517
2014/8/8,1.005919105
2014/8/11,1.029888894
2014/8/12,1.031984677
2014/8/13,1.035545941
2014/8/14,1.042416623
2014/8/15,1.042673236
2014/8/18,1.042963201
2014/8/19,1.051620641
2014/8/20,1.051937833
2014/8/21,1.060905658
2014/8/22,1.057705829
2014/8/25,1.06274687
2014/8/26,1.056482666
2014/8/27,1.057408377
2014/8/28,1.052306075
2014/8/29,1.049905353
2014/9/1,1.053445517
2014/9/2,1.066514378
2014/9/3,1.070581381
2014/9/4,1.067030326
2014/9/5,1.066519823
2014/9/8,1.068999504
2014/9/9,1.071997174
2014/9/10,1.074694669
2014/9/11,1.082891295
2014/9/12,1.085552033
2014/9/16,1.083049891
2014/9/17,1.08149388
2014/9/18,1.093671064
2014/9/19,1.110932851
2014/9/22,1.10308677
2014/9/24,1.100469594
2014/9/25,1.114538359
2014/9/26,1.104717655
2014/9/29,1.110216106
2014/9/30,1.100882761
2014/10/1,1.094670287
2014/10/2,1.066064455
2014/10/3,1.069240461
2014/10/6,1.081649072
2014/10/7,1.074357737
2014/10/8,1.061571354
2014/10/9,1.053604113
2014/10/10,1.041462324
2014/10/14,1.016683218
2014/10/15,1.026009076
2014/10/16,1.003197106
2014/10/17,0.989184156
2014/10/20,1.028575882
2014/10/21,1.007682721
2014/10/22,1.034330265
2014/10/23,1.03046338
2014/10/24,1.040855847
2014/10/27,1.04746379
2014/10/28,1.043460771
2014/10/29,1.058707775
2014/10/30,1.065806481
2014/10/31,1.117235173
2014/11/4,1.147777511
2014/11/5,1.152872325
2014/11/6,1.143013502
2014/11/7,1.148996591
2014/11/10,1.142200102
2014/11/11,1.165586557
2014/11/12,1.170551363
2014/11/13,1.183874795
2014/11/14,1.190548082
2014/11/17,1.155355408
2014/11/18,1.180557891
2014/11/19,1.176793106
2014/11/20,1.177617397
2014/11/21,1.181473392
2014/11/25,1.184884228
2014/11/26,1.183247898
2014/11/27,1.174053409
2014/11/28,1.188439367
2014/12/1,1.197305092
2014/12/2,1.20228215
2014/12/3,1.206176262
2014/12/4,1.217528474
2014/12/5,1.219791021
2014/12/8,1.220824958
2014/12/9,1.212503089
2014/12/10,1.185221841
2014/12/11,1.174659206
2014/12/12,1.182431094
2014/12/15,1.163904622
2014/12/16,1.140484133
2014/12/17,1.144868328
2014/12/18,1.171436234
2014/12/19,1.199435589
2014/12/22,1.200370829
2014/12/24,1.215283625
2014/12/25,1.212187938
2014/12/26,1.212882902
2014/12/29,1.206816773
2014/12/30,1.187821319
2015/1/5,1.184958421
2015/1/6,1.149187859
2015/1/7,1.149333522
2015/1/8,1.168512757
2015/1/9,1.170597649
2015/1/13,1.163108919
2015/1/14,1.143250376
2015/1/15,1.164537645
2015/1/16,1.147892544
2015/1/19,1.158111441
2015/1/20,1.1820717
2015/1/21,1.176230192
2015/1/22,1.179534163
2015/1/23,1.191972044
2015/1/26,1.189029508
2015/1/27,1.209434629
2015/1/28,1.211301706
2015/1/29,1.198402332
2015/1/30,1.203042458
2015/2/2,1.195122864
2015/2/3,1.179999061
2015/2/4,1.20333855
2015/2/5,1.191486726
2015/2/6,1.201280204
2015/2/9,1.205597693
2015/2/10,1.201564724
2015/2/12,1.223825351
2015/2/13,1.219308426
2015/2/16,1.225530429
2015/2/17,1.224327005
2015/2/18,1.238762651
2015/2/19,1.243229207
2015/2/20,1.247824409
2015/2/23,1.256987587
2015/2/24,1.266282814
2015/2/25,1.26503855
2015/2/26,1.278692106
2015/2/27,1.27951912
2015/3/2,1.281488979
2015/3/3,1.280691234
2015/3/4,1.273097681
2015/3/5,1.276381232
2015/3/6,1.291298793
2015/3/9,1.279016105
2015/3/10,1.270477783
2015/3/11,1.274453575
2015/3/12,1.29266762
2015/3/13,1.310578767
2015/3/16,1.310021298
2015/3/17,1.323018008
2015/3/18,1.330333848
2015/3/19,1.325710738
2015/3/20,1.331405223
2015/3/23,1.344619747
2015/3/24,1.341835127
2015/3/25,1.344064321
2015/3/26,1.325340454
2015/3/27,1.312714709
2015/3/30,1.321275494
2015/3/31,1.307361921
2015/4/1,1.295644189
2015/4/2,1.314563408
2015/4/3,1.32288732
2015/4/6,1.320362035
2015/4/7,1.336872363
2015/4/8,1.347032722
2015/4/9,1.35710051
2015/4/10,1.355052374
2015/4/13,1.354904669
2015/4/14,1.355123844
2015/4/15,1.352474677
2015/4/16,1.35356443
2015/4/17,1.337712309
2015/4/20,1.336460558
2015/4/21,1.355151752
2015/4/22,1.370453891
2015/4/23,1.374112492
2015/4/24,1.362703784
2015/4/27,1.360204364
2015/4/28,1.36535227
2015/4/30,1.328668249
2015/5/1,1.329459187
2015/5/7,1.313147615
2015/5/8,1.319083056
2015/5/11,1.335536208
2015/5/12,1.335803711
2015/5/13,1.345324921
2015/5/14,1.332087254
2015/5/15,1.343160391
2015/5/18,1.353870731
2015/5/19,1.363135329
2015/5/20,1.374718968
2015/5/21,1.375148471
2015/5/22,1.379337313
2015/5/25,1.389503798
2015/5/26,1.391117667
2015/5/27,1.393506818
2015/5/28,1.398875942
2015/5/29,1.399671645
2015/6/1,1.400129055
2015/6/2,1.398313028
2015/6/3,1.39357012
2015/6/4,1.394569344
2015/6/5,1.392711796
2015/6/8,1.392459267
2015/6/9,1.367894572
2015/6/10,1.364495307
2015/6/11,1.387407335
2015/6/12,1.38904843
2015/6/15,1.387735418
2015/6/16,1.37889692
2015/6/17,1.37626477
2015/6/18,1.360714867
2015/6/19,1.373199713
2015/6/22,1.390485324
2015/6/23,1.416434502
2015/6/24,1.420423908
2015/6/25,1.413846595
2015/6/26,1.409405224
2015/6/29,1.368823687
2015/6/30,1.377385152
2015/7/1,1.383755542
2015/7/2,1.396904722
2015/7/3,1.3980816
2015/7/6,1.368971392
2015/7/7,1.386973068
2015/7/8,1.343481667
2015/7/9,1.351504042
2015/7/10,1.346353413
2015/7/13,1.367450095
2015/7/14,1.387567973
2015/7/15,1.392877198
2015/7/16,1.402188081
2015/7/17,1.405645884
2015/7/21,1.418650082
2015/7/22,1.401749049
2015/7/23,1.407894137
2015/7/24,1.398404238
2015/7/27,1.385169973
2015/7/28,1.383726273
2015/7/29,1.381957892
2015/7/30,1.396927184
2015/7/31,1.401175245
2015/8/3,1.398647917
2015/8/4,1.396759059
2015/8/5,1.403136935
2015/8/6,1.40656615
2015/8/7,1.410658337
2015/8/10,1.416384813
2015/8/11,1.410399002
2015/8/12,1.388074392
2015/8/13,1.401877015
2015/8/14,1.396697118
2015/8/17,1.40355895
2015/8/18,1.399080823
2015/8/19,1.376493475
2015/8/20,1.363621327
2015/8/21,1.32293837
2015/8/24,1.262008208
2015/8/25,1.212048401
2015/8/26,1.250855432
2015/8/27,1.264306149
2015/8/28,1.302551627
2015/8/31,1.285818039
2015/9/1,1.236483768
2015/9/2,1.23169934
2015/9/3,1.237620487
2015/9/4,1.211058707
2015/9/7,1.215708363
2015/9/8,1.186208812
2015/9/9,1.277652043
2015/9/10,1.24559998
2015/9/11,1.243190409
2015/9/14,1.222871052
2015/9/15,1.227008163
2015/9/16,1.236886044
2015/9/17,1.254629066
2015/9/18,1.229984733
2015/9/24,1.196061508
2015/9/25,1.217072425
2015/9/28,1.201049457
2015/9/29,1.152431251
2015/9/30,1.183558964
2015/10/1,1.206311715
2015/10/2,1.206496177
2015/10/5,1.225579437
2015/10/6,1.237873016
2015/10/7,1.247190025
2015/10/8,1.234814766
2015/10/9,1.255064694
2015/10/13,1.241183794
2015/10/14,1.217786448
2015/10/15,1.23180144
2015/10/16,1.245067696
2015/10/19,1.23413818
2015/10/20,1.239305826
2015/10/21,1.262933919
2015/10/22,1.254874107
2015/10/23,1.281381433
2015/10/26,1.289673353
2015/10/27,1.27809652
2015/10/28,1.286671599
2015/10/29,1.288896709
2015/10/30,1.298929102
2015/11/2,1.271711837
2015/11/4,1.28829772
2015/11/5,1.301196413
2015/11/6,1.311351327
2015/11/9,1.33702211
2015/11/10,1.338963381
2015/11/11,1.340333569
2015/11/12,1.340767836
2015/11/13,1.3339026
2015/11/16,1.320070027
2015/11/17,1.336197819
2015/11/18,1.337460462
2015/11/19,1.351797411
2015/11/20,1.353158751
2015/11/24,1.35622721
2015/11/25,1.350964952
2015/11/26,1.357555878
2015/11/27,1.353439867
2015/11/30,1.344150766
2015/12/1,1.362183752
2015/12/2,1.357128417
2015/12/3,1.357248896
2015/12/4,1.327611169
2015/12/7,1.340793702
2015/12/8,1.326802533
2015/12/9,1.313765663
2015/12/10,1.296441254
2015/12/11,1.308960815
2015/12/14,1.285337486
2015/12/15,1.263724857
2015/12/16,1.296669959
2015/12/17,1.317338499
2015/12/18,1.292374251
2015/12/21,1.28755647
2015/12/22,1.285560746
2015/12/24,1.278957568
2015/12/25,1.277553346
2015/12/28,1.284652052
2015/12/29,1.292063185
2015/12/30,1.295567274
2016/1/4,1.255902599
2016/1/5,1.250662802
2016/1/6,1.238228325
2016/1/7,1.209369285
2016/1/8,1.204646797
2016/1/12,1.172042711
2016/1/13,1.205849541
2016/1/14,1.173539504
2016/1/15,1.167152098
2016/1/18,1.154114547
2016/1/19,1.160431164
2016/1/20,1.117400576
2016/1/21,1.090246613
2016/1/22,1.154316025
2016/1/25,1.164688073
2016/1/26,1.137324464
2016/1/27,1.168296304
2016/1/28,1.15996014
2016/1/29,1.192417882
2016/2/1,1.216032362
2016/2/2,1.208235289
2016/2/3,1.170156574
2016/2/4,1.160201097
2016/2/5,1.144858798
2016/2/8,1.157431451
2016/2/9,1.094887421
2016/2/10,1.069563098
2016/2/12,1.017779097
2016/2/15,1.09060873
2016/2/16,1.092776663
2016/2/17,1.077933296
2016/2/18,1.10246736
2016/2/19,1.086837138
2016/2/22,1.096630616
2016/2/23,1.092614664
2016/2/24,1.083339856
2016/2/25,1.098624298
2016/2/26,1.101896278
2016/2/29,1.09089325
2016/3/1,1.094892185
2016/3/2,1.139887186
2016/3/3,1.154426975
2016/3/4,1.158144793
2016/3/7,1.151102583
2016/3/8,1.142378437
2016/3/9,1.132784396
2016/3/10,1.147088673
2016/3/11,1.152977829
2016/3/14,1.173049421
2016/3/15,1.165107365
2016/3/16,1.155399652
2016/3/17,1.152808342
2016/3/18,1.138407409
2016/3/22,1.160443416
2016/3/23,1.157205469
2016/3/24,1.149809991
2016/3/25,1.157325948
2016/3/28,1.166284924
2016/3/29,1.164185738
2016/3/30,1.148899935
2016/3/31,1.140712158
2016/4/1,1.100245654
2016/4/4,1.097462395
2016/4/5,1.07088564
2016/4/6,1.06969719
2016/4/7,1.07204414
2016/4/8,1.076923182
2016/4/11,1.072131946
2016/4/12,1.084224727
2016/4/13,1.115020274
2016/4/14,1.151084205
2016/4/15,1.146794624
2016/4/18,1.107854862
2016/4/19,1.148592273
2016/4/20,1.150777223
2016/4/21,1.181889281
2016/4/22,1.196106432
2016/4/25,1.18704059
2016/4/26,1.181185468
2016/4/27,1.176911542
2016/4/28,1.134407793
2016/5/2,1.09910349
2016/5/6,1.096335886
2016/5/9,1.103776288
2016/5/10,1.127542557
2016/5/11,1.128483243
2016/5/12,1.133066193
2016/5/13,1.11712967
2016/5/16,1.12081822
2016/5/17,1.133505906
2016/5/18,1.132953883
2016/5/19,1.133087975
2016/5/20,1.139192903
2016/5/23,1.133628426
2016/5/24,1.123020867
2016/5/25,1.140622309
2016/5/26,1.141650801
2016/5/27,1.14589682
2016/5/30,1.16176868
2016/5/31,1.173133144
2016/6/1,1.154125438
2016/6/2,1.12736286
2016/6/3,1.132786438
2016/6/6,1.128552671
2016/6/7,1.135047623
2016/6/8,1.145629997
2016/6/9,1.134568431
2016/6/10,1.13000454
2016/6/13,1.090377302
2016/6/14,1.079474332
2016/6/15,1.08359783
2016/6/16,1.050555393
2016/6/17,1.06182184
2016/6/20,1.086709853
2016/6/21,1.100582585
2016/6/22,1.09354514
2016/6/23,1.105295543
2016/6/24,1.017738937
2016/6/27,1.042051784
2016/6/28,1.042999957
2016/6/29,1.059587201
2016/6/30,1.06020593
2016/7/1,1.067459148
2016/7/4,1.073811159
2016/7/5,1.066564067
2016/7/6,1.046801498
2016/7/7,1.039807615
2016/7/8,1.028286597
2016/7/11,1.069252032
2016/7/12,1.095582385
2016/7/13,1.10482452
2016/7/14,1.115338147
2016/7/15,1.122958926
2016/7/18,1.136504257
2016/7/19,1.138305309
2016/7/20,1.135485974
2016/7/21,1.144221011
2016/7/22,1.131766794
2016/7/25,1.131293048
2016/7/26,1.115144156
2016/7/27,1.134324071
2016/7/28,1.121528839
2016/7/29,1.12782027
2016/8/1,1.132346725
2016/8/2,1.115716599
2016/8/3,1.094728825
2016/8/4,1.106421371
2016/8/5,1.106391422
2016/8/8,1.133354116
2016/8/9,1.14114098
2016/8/10,1.13910918
2016/8/11,1.13910918
2016/8/12,1.151687959
2016/8/15,1.148260106
2016/8/16,1.129674415
2016/8/17,1.139825245
2016/8/18,1.122153013
2016/8/19,1.1262241
2016/8/22,1.129788768
2016/8/23,1.122925574
2016/8/24,1.129728188
2016/8/25,1.126913618
2016/8/26,1.11362422
2016/8/29,1.139270499
2016/8/30,1.138444846
2016/8/31,1.149474421
2016/9/1,1.152158983
2016/9/2,1.152080025
2016/9/5,1.159700124
2016/9/6,1.162718895
2016/9/7,1.157985517
2016/9/8,1.154332362
2016/9/9,1.15480815
2016/9/12,1.134875414
2016/9/13,1.138695333
2016/9/14,1.130881243
2016/9/15,1.116639587
2016/9/16,1.124418283
2016/9/19,1.124418283
2016/9/20,1.122570945
2016/9/21,1.144044037
2016/9/23,1.140395646
2016/9/26,1.126138335
2016/9/27,1.135624831
2016/9/28,1.120750153
2016/9/29,1.136290526
2016/9/30,1.11969103
2016/10/3,1.12982144
2016/10/4,1.139145256
2016/10/5,1.144834975
2016/10/6,1.150270805
2016/10/7,1.147615511
2016/10/11,1.158824102
2016/10/12,1.146248046
2016/10/13,1.141771961
2016/10/14,1.147362302
2016/10/17,1.150340233
2016/10/18,1.154661806
2016/10/19,1.15706457
2016/10/20,1.173168539
2016/10/21,1.169703248
2016/10/24,1.173095026
2016/10/25,1.18200023
2016/10/26,1.183810131
2016/10/27,1.180037859
2016/10/28,1.187524547
2016/10/31,1.186068594
2016/11/1,1.187251598
2016/11/2,1.166306025
2016/11/3,1.150696904
2016/11/4,1.150696904
2016/11/7,1.169200914
2016/11/8,1.168804083
2016/11/9,1.106193347
2016/11/10,1.180582395
2016/11/11,1.182649589
2016/11/14,1.20292198
2016/11/15,1.20261772
2016/11/16,1.215826799
2016/11/17,1.215855388
2016/11/18,1.222987446
2016/11/21,1.232422211
2016/11/22,1.236296584
2016/11/24,1.247899963
2016/11/25,1.251154246
2016/11/28,1.249498176
2016/11/29,1.246105037
2016/11/30,1.246203053
2016/12/1,1.260132281
2016/12/2,1.254207731
2016/12/5,1.24392349
2016/12/6,1.249746621
2016/12/7,1.259013941
2016/12/8,1.277308985
2016/12/9,1.293025652
2016/12/12,1.30382516
2016/12/13,1.310324877
2016/12/14,1.310535204
2016/12/15,1.311908796
2016/12/16,1.320577807
2016/12/19,1.319927767
2016/12/20,1.326933902
2016/12/21,1.32352783
2016/12/22,1.322382944
2016/12/26,1.320270825
2016/12/27,1.320707815
2016/12/28,1.320616605
2016/12/29,1.303151978
2016/12/30,1.301057557
2017/1/4,1.333715416
2017/1/5,1.328714535
2017/1/6,1.324197609
2017/1/10,1.313790848
2017/1/11,1.318094723
2017/1/12,1.302441359
2017/1/13,1.312827019
2017/1/16,1.299755435
2017/1/17,1.280580285
2017/1/18,1.28608282
2017/1/19,1.298190575
2017/1/20,1.302659854
2017/1/23,1.285855476
2017/1/24,1.278841854
2017/1/25,1.297186587
2017/1/26,1.32066221
2017/1/27,1.325087245
2017/1/30,1.318379243
2017/1/31,1.296086625
2017/2/1,1.303352095
2017/2/2,1.287458454
2017/2/3,1.287704856
2017/2/6,1.291687455
2017/2/7,1.287199799
2017/2/8,1.293790045
2017/2/9,1.286988111
2017/2/10,1.319065359
2017/2/13,1.324525692
2017/2/14,1.309539384
2017/2/15,1.323084714
2017/2/16,1.316928055
2017/2/17,1.309242612
2017/2/20,1.310362994
2017/2/21,1.319236207
2017/2/22,1.319129342
2017/2/23,1.318556898
2017/2/24,1.312572449
2017/2/27,1.300587895
2017/2/28,1.301372026
2017/3/1,1.320059817
2017/3/2,1.331716969
2017/3/3,1.325207723
2017/3/6,1.319079653
2017/3/7,1.316697989
2017/3/8,1.310563792
2017/3/9,1.314957516
2017/3/10,1.334426716
2017/3/13,1.336410188
2017/3/14,1.334759564
2017/3/15,1.332573252
2017/3/16,1.333441787
2017/3/17,1.328775795
2017/3/21,1.324303113
2017/3/22,1.296089347
2017/3/23,1.29907953
2017/3/24,1.311142361
2017/3/27,1.29229189
2017/3/28,1.307081485
2017/3/29,1.308075944
2017/3/30,1.29757593
2017/3/31,1.287096337
2017/4/3,1.292131252
2017/4/4,1.280357025
2017/4/5,1.283829803
2017/4/6,1.265845824
2017/4/7,1.27044511
2017/4/10,1.279515036
2017/4/11,1.276111006
2017/4/12,1.262820247
2017/4/13,1.254259462
2017/4/14,1.248051072
2017/4/17,1.249387227
2017/4/18,1.253697909
2017/4/19,1.254624301
2017/4/20,1.254507906
2017/4/21,1.267458331
2017/4/24,1.284824261
2017/4/25,1.29867249
2017/4/26,1.312973363
2017/4/27,1.310416767
2017/4/28,1.306664234
2017/5/1,1.314408896
2017/5/2,1.323610191
2017/5/8,1.354240335
2017/5/9,1.350653205
2017/5/10,1.354539149
2017/5/11,1.358722546
2017/5/12,1.353437145
2017/5/15,1.352480803
2017/5/16,1.355882111
2017/5/17,1.348739161
2017/5/18,1.330972316
2017/5/19,1.333483988
2017/5/22,1.339441211
2017/5/23,1.335016857
2017/5/24,1.343845145
2017/5/25,1.348620044
2017/5/26,1.340023864
2017/5/29,1.339733218
2017/5/30,1.339411942
2017/5/31,1.337555075
2017/6/1,1.351812386
2017/6/2,1.373406637
2017/6/5,1.372966924
2017/6/6,1.359971575
2017/6/7,1.360292851
2017/6/8,1.355163323
2017/6/9,1.36224229
2017/6/12,1.355117038
2017/6/13,1.354447939
2017/6/14,1.353411279
2017/6/15,1.349892216
2017/6/16,1.357477601
2017/6/19,1.36595126
2017/6/20,1.377023036
2017/6/21,1.370786739
2017/6/22,1.368861804
2017/6/23,1.370370169
2017/6/26,1.371777794
2017/6/27,1.37666092
2017/6/28,1.370216337
2017/6/29,1.376334879
2017/6/30,1.363615201
2017/7/3,1.365137859
2017/7/4,1.363541689
2017/7/5,1.36689603
2017/7/6,1.360935404
2017/7/7,1.356513092
2017/7/10,1.366851786
2017/7/11,1.374645456
2017/7/12,1.368036152
2017/7/13,1.368133488
2017/7/14,1.369430164
2017/7/18,1.361333596
2017/7/19,1.362759599
2017/7/20,1.371181527
2017/7/21,1.368129404
2017/7/24,1.359683652
2017/7/25,1.358290321
2017/7/26,1.364753962
2017/7/27,1.366760576
2017/7/28,1.358606151
2017/7/31,1.35624695
2017/8/1,1.36037249
2017/8/2,1.366787803
2017/8/3,1.363331362
2017/8/4,1.358094968
2017/8/7,1.365143985
2017/8/8,1.361068134
2017/8/9,1.343554499
2017/8/10,1.342943938
2017/8/14,1.329831514
2017/8/15,1.344548277
2017/8/16,1.342912627
2017/8/17,1.341098642
2017/8/18,1.325292126
2017/8/21,1.32003191
2017/8/22,1.319399568
2017/8/23,1.32285737
2017/8/24,1.317352793
2017/8/25,1.324080534
2017/8/28,1.323896073
2017/8/29,1.317950421
2017/8/30,1.327751387
2017/8/31,1.337260345
2017/9/1,1.340339014
2017/9/4,1.327867781
2017/9/5,1.319533659
2017/9/6,1.317638675
2017/9/7,1.320262657
2017/9/8,1.311978905
2017/9/11,1.330421655
2017/9/12,1.346134918
2017/9/13,1.352206493
2017/9/14,1.348232743
2017/9/15,1.355179659
2017/9/19,1.381717616
2017/9/20,1.382471798
2017/9/21,1.384991638
2017/9/22,1.38151818
2017/9/25,1.388401794
2017/9/26,1.38381476
2017/9/27,1.37951701
2017/9/28,1.386055525
2017/9/29,1.385590627
2017/10/2,1.388619608
2017/10/3,1.403137616
2017/10/4,1.403994579
2017/10/5,1.404123906
2017/10/6,1.40835427
2017/10/10,1.417393565
2017/10/11,1.421325114
2017/10/12,1.426324635
2017/10/13,1.439969343
2017/10/16,1.446801907
2017/10/17,1.452285383
2017/10/18,1.454118427
2017/10/19,1.459936112
2017/10/20,1.460556883
2017/10/23,1.476825574
2017/10/24,1.484212203
2017/10/25,1.477572268
2017/10/26,1.479761303
2017/10/27,1.49804886
2017/10/30,1.498268036
2017/10/31,1.498263952
2017/11/1,1.526067273
2017/11/2,1.534169967
2017/11/6,1.534798226
2017/11/7,1.5612933
2017/11/8,1.559674667
2017/11/9,1.556604165
2017/11/10,1.543855899
2017/11/13,1.523406535
2017/11/14,1.523339829
2017/11/15,1.499401351
2017/11/16,1.521373374
2017/11/17,1.524482674
2017/11/20,1.515290908
2017/11/21,1.525822232
2017/11/22,1.533082938
2017/11/24,1.534968393
2017/11/27,1.531234238
2017/11/28,1.530570585
2017/11/29,1.538123298
2017/11/30,1.546819536
2017/12/1,1.553222597
2017/12/4,1.545607944
2017/12/5,1.539837225
2017/12/6,1.509524273
2017/12/7,1.531373095
2017/12/8,1.552681465
2017/12/11,1.561370216
2017/12/12,1.556431275
2017/12/13,1.549073234
2017/12/14,1.544742812
2017/12/15,1.535129712
2017/12/18,1.55885446
2017/12/19,1.556555838
2017/12/20,1.558170387
2017/12/21,1.55642651
2017/12/22,1.558921846
2017/12/25,1.561400846
2017/12/26,1.558236412
2017/12/27,1.559497012
2017/12/28,1.55083685
2017/12/29,1.549540854
2018/1/4,1.600005037
2018/1/5,1.614176583
2018/1/9,1.623396937
2018/1/10,1.619191078
2018/1/11,1.613897509
2018/1/12,1.610044237
2018/1/15,1.614200407
2018/1/16,1.630327518
2018/1/17,1.624645967
2018/1/18,1.617500975
2018/1/19,1.620542889
2018/1/22,1.621105803
2018/1/23,1.642058182
2018/1/24,1.629576739
2018/1/25,1.611110846
2018/1/26,1.608550847
2018/1/29,1.608377957
2018/1/30,1.585414198
2018/1/31,1.572230984
2018/2/1,1.598628722
2018/2/2,1.58422711
2018/2/5,1.543900824
2018/2/6,1.470943905
2018/2/7,1.473335099
2018/2/8,1.490044863
2018/2/9,1.455450498
2018/2/13,1.446061338
2018/2/14,1.439900595
2018/2/15,1.461056495
2018/2/16,1.478431954
2018/2/19,1.507629969
2018/2/20,1.492375477
2018/2/21,1.495486818
2018/2/22,1.479533959
2018/2/23,1.490175552
2018/2/26,1.507930825
2018/2/27,1.524010289
2018/2/28,1.502118585
2018/3/1,1.478719197
2018/3/2,1.441770395
2018/3/5,1.432271647
2018/3/6,1.457842372
2018/3/7,1.446608596
2018/3/8,1.454460123
2018/3/9,1.461343738
2018/3/12,1.485495946
2018/3/13,1.495302357
2018/3/14,1.482314495
2018/3/15,1.484129161
2018/3/16,1.475454704
2018/3/19,1.462140121
2018/3/20,1.455338187
2018/3/22,1.469701683
2018/3/23,1.40339559
2018/3/26,1.41348584
2018/3/27,1.451005724
2018/3/28,1.431537885
2018/3/29,1.440234804
2018/3/30,1.46032954
2018/4/2,1.455856177
2018/4/3,1.449302007
2018/4/4,1.451157513
2018/4/5,1.473338502
2018/4/6,1.468036084
2018/4/9,1.475573822
2018/4/10,1.483473676
2018/4/11,1.476175534
2018/4/12,1.474349977
2018/4/13,1.482413192
2018/4/16,1.486278717
2018/4/17,1.487099604
2018/4/18,1.508241891
2018/4/19,1.51048674
2018/4/20,1.508516882
2018/4/23,1.503466311
2018/4/24,1.516404484
2018/4/25,1.512129877
2018/4/26,1.519228583
2018/4/27,1.529320195
2018/5/1,1.532053765
2018/5/2,1.529654403
2018/5/7,1.529271867
2018/5/8,1.525304923
2018/5/9,1.525304923
2018/5/10,1.531315238
2018/5/11,1.549101141
2018/5/14,1.556410174
2018/5/15,1.55315385
2018/5/16,1.546293378
2018/5/17,1.554539013
2018/5/18,1.560800495
2018/5/21,1.565701999
2018/5/22,1.562841143
2018/5/23,1.544422217
2018/5/24,1.527219647
2018/5/25,1.52815761
2018/5/28,1.53022004
2018/5/29,1.521870944
2018/5/30,1.498734294
2018/5/31,1.511210973
2018/6/1,1.509136972
2018/6/4,1.529869495
2018/6/5,1.534198555
2018/6/6,1.540065249
2018/6/7,1.553510521
2018/6/8,1.544746216
2018/6/11,1.552202273
2018/6/12,1.557260331
2018/6/13,1.563252268
2018/6/14,1.54774865
2018/6/15,1.555449749
2018/6/18,1.543781706
2018/6/19,1.516428988
2018/6/20,1.53528014
2018/6/21,1.544646838
2018/6/22,1.532652754
2018/6/25,1.520490545
2018/6/26,1.520752603
2018/6/27,1.515972259
2018/6/28,1.515878326
2018/6/29,1.518200772
2018/7/2,1.484672336
2018/7/3,1.482876048
