datetime,zzqz
2008/1/2,1
2008/1/3,1.000895175
2008/1/4,1.001342763
2008/1/7,1.001253245
2008/1/8,1.001163728
2008/1/9,1.001342763
2008/1/10,1.002327455
2008/1/11,1.002416973
2008/1/14,1.00214842
2008/1/15,1.002596008
2008/1/16,1.003043595
2008/1/17,1.00286456
2008/1/18,1.0035807
2008/1/21,1.003759735
2008/1/22,1.00393877
2008/1/23,1.004923463
2008/1/24,1.005281533
2008/1/25,1.005908155
2008/1/28,1.00608719
2008/1/29,1.006355743
2008/1/30,1.00751947
2008/1/31,1.008683198
2008/2/1,1.010473548
2008/2/4,1.01181631
2008/2/5,1.021573718
2008/2/13,1.023185033
2008/2/14,1.023005998
2008/2/15,1.023095515
2008/2/18,1.023185033
2008/2/19,1.022379375
2008/2/20,1.022289858
2008/2/21,1.02255841
2008/2/22,1.022647928
2008/2/25,1.02291648
2008/2/26,1.023095515
2008/2/27,1.023095515
2008/2/28,1.024080208
2008/2/29,1.025602005
2008/3/3,1.025602005
2008/3/4,1.02542297
2008/3/5,1.02542297
2008/3/6,1.025602005
2008/3/7,1.025512488
2008/3/10,1.025691523
2008/3/11,1.02578104
2008/3/12,1.025691523
2008/3/13,1.02542297
2008/3/14,1.025602005
2008/3/17,1.025870558
2008/3/18,1.025960075
2008/3/19,1.026318145
2008/3/20,1.027034285
2008/3/21,1.027481873
2008/3/24,1.028914153
2008/3/25,1.029809328
2008/3/26,1.030346433
2008/3/27,1.030883538
2008/3/28,1.030525468
2008/3/31,1.033479545
2008/4/1,1.03401665
2008/4/2,1.034285203
2008/4/3,1.033748098
2008/4/7,1.03258437
2008/4/8,1.03258437
2008/4/9,1.033210993
2008/4/10,1.03258437
2008/4/11,1.032315818
2008/4/14,1.033390028
2008/4/15,1.033210993
2008/4/16,1.032852923
2008/4/17,1.032852923
2008/4/18,1.032763405
2008/4/21,1.03294244
2008/4/22,1.033569063
2008/4/23,1.033837615
2008/4/24,1.03365858
2008/4/25,1.033748098
2008/4/28,1.034106168
2008/4/29,1.034106168
2008/4/30,1.034285203
2008/5/5,1.034822308
2008/5/6,1.034911825
2008/5/7,1.034285203
2008/5/8,1.033837615
2008/5/9,1.03401665
2008/5/12,1.03437472
2008/5/13,1.034643273
2008/5/14,1.034822308
2008/5/15,1.034822308
2008/5/16,1.03473279
2008/5/19,1.035359413
2008/5/20,1.035001343
2008/5/21,1.035359413
2008/5/22,1.035359413
2008/5/23,1.035627965
2008/5/26,1.035538448
2008/5/27,1.035627965
2008/5/28,1.035627965
2008/5/29,1.035269895
2008/5/30,1.035269895
2008/6/2,1.035627965
2008/6/3,1.035807
2008/6/4,1.036344105
2008/6/5,1.03652314
2008/6/6,1.036612658
2008/6/10,1.036433623
2008/6/11,1.035717483
2008/6/12,1.035001343
2008/6/13,1.035180378
2008/6/16,1.035627965
2008/6/17,1.035359413
2008/6/18,1.035359413
2008/6/19,1.035359413
2008/6/20,1.03509086
2008/6/23,1.035001343
2008/6/24,1.03509086
2008/6/25,1.035180378
2008/6/26,1.03473279
2008/6/27,1.034195685
2008/6/30,1.033390028
2008/7/1,1.03330051
2008/7/2,1.033031958
2008/7/3,1.033390028
2008/7/4,1.03330051
2008/7/7,1.03330051
2008/7/8,1.033479545
2008/7/9,1.03294244
2008/7/10,1.033121475
2008/7/11,1.03365858
2008/7/14,1.034106168
2008/7/15,1.03401665
2008/7/16,1.03437472
2008/7/17,1.03437472
2008/7/18,1.034106168
2008/7/21,1.034285203
2008/7/22,1.032136783
2008/7/23,1.030973055
2008/7/24,1.03007788
2008/7/25,1.028914153
2008/7/28,1.029182705
2008/7/29,1.029272223
2008/7/30,1.028377048
2008/7/31,1.028556083
2008/8/1,1.028198013
2008/8/4,1.028198013
2008/8/5,1.028466565
2008/8/6,1.028198013
2008/8/7,1.028556083
2008/8/8,1.029272223
2008/8/11,1.029451258
2008/8/12,1.029272223
2008/8/13,1.028914153
2008/8/14,1.029540775
2008/8/15,1.029809328
2008/8/18,1.029540775
2008/8/19,1.02971981
2008/8/20,1.02971981
2008/8/21,1.029988363
2008/8/22,1.030704503
2008/8/25,1.031062573
2008/8/26,1.031331125
2008/8/27,1.031957748
2008/8/28,1.032405335
2008/8/29,1.033210993
2008/9/1,1.034553755
2008/9/2,1.03509086
2008/9/3,1.03867156
2008/9/4,1.038761078
2008/9/5,1.040909498
2008/9/8,1.041625638
2008/9/9,1.04189419
2008/9/10,1.0429684
2008/9/11,1.043505505
2008/9/12,1.046728135
2008/9/16,1.052815325
2008/9/17,1.057917823
2008/9/18,1.074657596
2008/9/19,1.074657596
2008/9/22,1.074926148
2008/9/23,1.074568078
2008/9/24,1.075731806
2008/9/25,1.074836631
2008/9/26,1.075821323
2008/10/6,1.079491541
2008/10/7,1.080744786
2008/10/8,1.085489213
2008/10/9,1.092471578
2008/10/10,1.105630651
2008/10/13,1.114045296
2008/10/14,1.114492883
2008/10/15,1.115209023
2008/10/16,1.115925163
2008/10/17,1.115835646
2008/10/20,1.115925163
2008/10/21,1.116909856
2008/10/22,1.117536478
2008/10/23,1.113597708
2008/10/24,1.112881568
2008/10/27,1.112254946
2008/10/28,1.113060603
2008/10/29,1.114492883
2008/10/30,1.118968758
2008/10/31,1.120042968
2008/11/3,1.121385731
2008/11/4,1.121743801
2008/11/5,1.122549458
2008/11/6,1.124339808
2008/11/7,1.127651956
2008/11/10,1.129800376
2008/11/11,1.131053621
2008/11/12,1.134992391
2008/11/13,1.136514189
2008/11/14,1.138931161
2008/11/17,1.138752126
2008/11/18,1.138215021
2008/11/19,1.138125504
2008/11/20,1.133649629
2008/11/21,1.133649629
2008/11/24,1.133739146
2008/11/25,1.133470594
2008/11/26,1.127562438
2008/11/27,1.134723839
2008/11/28,1.134813356
2008/12/1,1.135619014
2008/12/2,1.135260944
2008/12/3,1.137498881
2008/12/4,1.136514189
2008/12/5,1.141616686
2008/12/8,1.142959449
2008/12/9,1.143138484
2008/12/10,1.140273924
2008/12/11,1.139199714
2008/12/12,1.144391729
2008/12/15,1.146987736
2008/12/16,1.146092561
2008/12/17,1.152448304
2008/12/18,1.152448304
2008/12/19,1.155133829
2008/12/22,1.155849969
2008/12/23,1.156924179
2008/12/24,1.156387074
2008/12/25,1.151553129
2008/12/26,1.157908871
2008/12/29,1.162653299
2008/12/30,1.157371766
2008/12/31,1.160146809
2009/1/5,1.158535494
2009/1/6,1.158983081
2009/1/7,1.158983081
2009/1/8,1.161131501
2009/1/9,1.162742816
2009/1/12,1.163011369
2009/1/13,1.161937159
2009/1/14,1.161758124
2009/1/15,1.158983081
2009/1/16,1.153880584
2009/1/19,1.154149136
2009/1/20,1.149673261
2009/1/21,1.144123176
2009/1/22,1.145018351
2009/1/23,1.146987736
2009/2/2,1.147614359
2009/2/3,1.145555456
2009/2/4,1.142064274
2009/2/5,1.135887566
2009/2/6,1.136872259
2009/2/9,1.137946469
2009/2/10,1.139647301
2009/2/11,1.138841644
2009/2/12,1.141527169
2009/2/13,1.141437651
2009/2/16,1.142601379
2009/2/17,1.141795721
2009/2/18,1.142422344
2009/2/19,1.143496554
2009/2/20,1.144033659
2009/2/23,1.144570764
2009/2/24,1.145107869
2009/2/25,1.145824009
2009/2/26,1.145286904
2009/2/27,1.143138484
2009/3/2,1.146629666
2009/3/3,1.146003044
2009/3/4,1.144660281
2009/3/5,1.142690896
2009/3/6,1.142153791
2009/3/9,1.142422344
2009/3/10,1.142690896
2009/3/11,1.143854624
2009/3/12,1.144391729
2009/3/13,1.145107869
2009/3/16,1.146361114
2009/3/17,1.147703876
2009/3/18,1.147256289
2009/3/19,1.148330499
2009/3/20,1.146987736
2009/3/23,1.147882911
2009/3/24,1.147166771
2009/3/25,1.148151464
2009/3/26,1.146450631
2009/3/27,1.143586071
2009/3/30,1.145376421
2009/3/31,1.145286904
2009/4/1,1.144928834
2009/4/2,1.145913526
2009/4/3,1.143854624
2009/4/7,1.143317519
2009/4/8,1.141348134
2009/4/9,1.140900546
2009/4/10,1.140900546
2009/4/13,1.143138484
2009/4/14,1.140273924
2009/4/15,1.140452959
2009/4/16,1.140721511
2009/4/17,1.140990064
2009/4/20,1.141616686
2009/4/21,1.143496554
2009/4/22,1.143675589
2009/4/23,1.143048966
2009/4/24,1.144212694
2009/4/27,1.146182079
2009/4/28,1.144570764
2009/4/29,1.145824009
2009/4/30,1.144212694
2009/5/4,1.146003044
2009/5/5,1.146271596
2009/5/6,1.145107869
2009/5/7,1.146361114
2009/5/8,1.146092561
2009/5/11,1.147435324
2009/5/12,1.146987736
2009/5/13,1.148420016
2009/5/14,1.148151464
2009/5/15,1.148509534
2009/5/18,1.150031331
2009/5/19,1.151105541
2009/5/20,1.151374094
2009/5/21,1.151195059
2009/5/22,1.151463611
2009/5/25,1.151642646
2009/5/26,1.151374094
2009/5/27,1.152627339
2009/6/1,1.152716856
2009/6/2,1.154596724
2009/6/3,1.154328171
2009/6/4,1.153074926
2009/6/5,1.151195059
2009/6/8,1.149941814
2009/6/9,1.150747471
2009/6/10,1.150210366
2009/6/11,1.150568436
2009/6/12,1.148151464
2009/6/15,1.149136156
2009/6/16,1.149494226
2009/6/17,1.148778086
2009/6/18,1.152000716
2009/6/19,1.148957121
2009/6/22,1.148599051
2009/6/23,1.147166771
2009/6/24,1.147614359
2009/6/25,1.147077254
2009/6/26,1.147435324
2009/6/29,1.147166771
2009/6/30,1.146808701
2009/7/1,1.146987736
2009/7/2,1.147166771
2009/7/3,1.143944141
2009/7/6,1.143854624
2009/7/7,1.146271596
2009/7/8,1.146182079
2009/7/9,1.148061946
2009/7/10,1.145734491
2009/7/13,1.142959449
2009/7/14,1.143317519
2009/7/15,1.142869931
2009/7/16,1.141706204
2009/7/17,1.140452959
2009/7/20,1.139110196
2009/7/21,1.138125504
2009/7/22,1.139289231
2009/7/23,1.139826336
2009/7/24,1.139557784
2009/7/27,1.139826336
2009/7/28,1.140005371
2009/7/29,1.140005371
2009/7/30,1.138394056
2009/7/31,1.137230329
2009/8/3,1.137051294
2009/8/4,1.136514189
2009/8/5,1.137319846
2009/8/6,1.137051294
2009/8/7,1.137677916
2009/8/10,1.138304539
2009/8/11,1.138125504
2009/8/12,1.138573091
2009/8/13,1.139915854
2009/8/14,1.140542476
2009/8/17,1.139378749
2009/8/18,1.139378749
2009/8/19,1.139826336
2009/8/20,1.139557784
2009/8/21,1.139647301
2009/8/24,1.139557784
2009/8/25,1.139736819
2009/8/26,1.140363441
2009/8/27,1.140631994
2009/8/28,1.141169099
2009/8/31,1.140811029
2009/9/1,1.140094889
2009/9/2,1.140990064
2009/9/3,1.141079581
2009/9/4,1.141527169
2009/9/7,1.140452959
2009/9/8,1.140452959
2009/9/9,1.141706204
2009/9/10,1.142511861
2009/9/11,1.142332826
2009/9/14,1.141795721
2009/9/15,1.141885239
2009/9/16,1.142243309
2009/9/17,1.142511861
2009/9/18,1.143048966
2009/9/21,1.142243309
2009/9/22,1.143138484
2009/9/23,1.142511861
2009/9/24,1.141616686
2009/9/25,1.141169099
2009/9/28,1.139736819
2009/9/29,1.139557784
2009/9/30,1.139110196
2009/10/9,1.141169099
2009/10/12,1.140990064
2009/10/13,1.139020679
2009/10/14,1.139020679
2009/10/15,1.139199714
2009/10/16,1.137946469
2009/10/19,1.138662609
2009/10/20,1.137230329
2009/10/21,1.137230329
2009/10/22,1.137767434
2009/10/23,1.137677916
2009/10/26,1.138125504
2009/10/27,1.137498881
2009/10/28,1.137677916
2009/10/29,1.138125504
2009/10/30,1.136872259
2009/11/2,1.138662609
2009/11/3,1.137319846
2009/11/4,1.136514189
2009/11/5,1.135977084
2009/11/6,1.135439979
2009/11/9,1.136693224
2009/11/10,1.137677916
2009/11/11,1.137140811
2009/11/12,1.136961776
2009/11/13,1.137409364
2009/11/16,1.138483574
2009/11/17,1.138035986
2009/11/18,1.140811029
2009/11/19,1.140184406
2009/11/20,1.140811029
2009/11/23,1.139915854
2009/11/24,1.140094889
2009/11/25,1.140005371
2009/11/26,1.141706204
2009/11/27,1.140094889
2009/11/30,1.140542476
2009/12/1,1.141348134
2009/12/2,1.142780414
2009/12/3,1.142690896
2009/12/4,1.142780414
2009/12/7,1.142243309
2009/12/8,1.142064274
2009/12/9,1.142780414
2009/12/10,1.143944141
2009/12/11,1.142601379
2009/12/14,1.142959449
2009/12/15,1.143228001
2009/12/16,1.144033659
2009/12/17,1.143228001
2009/12/18,1.142422344
2009/12/21,1.142243309
2009/12/22,1.143765106
2009/12/23,1.143854624
2009/12/24,1.143944141
2009/12/25,1.144660281
2009/12/28,1.144212694
2009/12/29,1.143854624
2009/12/30,1.144033659
2009/12/31,1.143944141
2010/1/4,1.144391729
2010/1/5,1.145376421
2010/1/6,1.144212694
2010/1/7,1.142332826
2010/1/8,1.142780414
2010/1/11,1.143138484
2010/1/12,1.144749799
2010/1/13,1.143317519
2010/1/14,1.143675589
2010/1/15,1.144212694
2010/1/18,1.142780414
2010/1/19,1.143407036
2010/1/20,1.144391729
2010/1/21,1.145734491
2010/1/22,1.145824009
2010/1/25,1.147166771
2010/1/26,1.148688569
2010/1/27,1.147793394
2010/1/28,1.148420016
2010/1/29,1.149404709
2010/2/1,1.150657954
2010/2/2,1.152000716
2010/2/3,1.152627339
2010/2/4,1.152716856
2010/2/5,1.153522514
2010/2/8,1.155133829
2010/2/9,1.156566109
2010/2/10,1.156387074
2010/2/11,1.156745144
2010/2/12,1.156118521
2010/2/22,1.157461284
2010/2/23,1.157461284
2010/2/24,1.157640319
2010/2/25,1.158087906
2010/2/26,1.160057291
2010/3/1,1.163906544
2010/3/2,1.164622684
2010/3/3,1.166860621
2010/3/4,1.166681586
2010/3/5,1.166860621
2010/3/8,1.167308209
2010/3/9,1.167308209
2010/3/10,1.167397726
2010/3/11,1.167129174
2010/3/12,1.165875929
2010/3/15,1.166681586
2010/3/16,1.167755796
2010/3/17,1.168203384
2010/3/18,1.168203384
2010/3/19,1.169635664
2010/3/22,1.169188076
2010/3/23,1.169546146
2010/3/24,1.169188076
2010/3/25,1.169456629
2010/3/26,1.169188076
2010/3/29,1.170083251
2010/3/30,1.167934831
2010/3/31,1.167845314
2010/4/1,1.168113866
2010/4/2,1.168471936
2010/4/6,1.168471936
2010/4/7,1.167397726
2010/4/8,1.169009041
2010/4/9,1.167576761
2010/4/12,1.168024349
2010/4/13,1.168292901
2010/4/14,1.169367111
2010/4/15,1.169725181
2010/4/16,1.169814699
2010/4/19,1.170978426
2010/4/20,1.171336496
2010/4/21,1.172321189
2010/4/22,1.172500224
2010/4/23,1.172679259
2010/4/26,1.175275266
2010/4/27,1.174290574
2010/4/28,1.176259959
2010/4/29,1.176528511
2010/4/30,1.176528511
2010/5/4,1.177244651
2010/5/5,1.177513204
2010/5/6,1.177155134
2010/5/7,1.179751141
2010/5/10,1.180825351
2010/5/11,1.180377764
2010/5/12,1.181004386
2010/5/13,1.181451974
2010/5/14,1.181183421
2010/5/17,1.183421359
2010/5/18,1.184943156
2010/5/19,1.186733506
2010/5/20,1.187628681
2010/5/21,1.187002059
2010/5/24,1.186912541
2010/5/25,1.188165786
2010/5/26,1.187718199
2010/5/27,1.187897234
2010/5/28,1.186823024
2010/5/31,1.187091576
2010/6/1,1.187181094
2010/6/2,1.187807716
2010/6/3,1.187718199
2010/6/4,1.188165786
2010/6/7,1.188255304
2010/6/8,1.187986751
2010/6/9,1.188523856
2010/6/10,1.188523856
2010/6/11,1.190851311
2010/6/17,1.192462626
2010/6/18,1.192820696
2010/6/21,1.190851311
2010/6/22,1.189598066
2010/6/23,1.188523856
2010/6/24,1.190045654
2010/6/25,1.189508549
2010/6/28,1.190135171
2010/6/29,1.191119864
2010/6/30,1.192194074
2010/7/1,1.191925521
2010/7/2,1.193268284
2010/7/5,1.193178766
2010/7/6,1.194163459
2010/7/7,1.195506221
2010/7/8,1.195058634
2010/7/9,1.194790081
2010/7/12,1.196759466
2010/7/13,1.197744159
2010/7/14,1.198460299
2010/7/15,1.198012711
2010/7/16,1.199355474
2010/7/19,1.198728851
2010/7/20,1.198997404
2010/7/21,1.199176439
2010/7/22,1.198639334
2010/7/23,1.198549816
2010/7/26,1.198997404
2010/7/27,1.199265956
2010/7/28,1.199444991
2010/7/29,1.199892579
2010/7/30,1.199892579
2010/8/2,1.199982096
2010/8/3,1.200966789
2010/8/4,1.200340167
2010/8/5,1.200519202
2010/8/6,1.200787754
2010/8/9,1.201324859
2010/8/10,1.201414377
2010/8/11,1.201324859
2010/8/12,1.202130517
2010/8/13,1.202846657
2010/8/16,1.202936174
2010/8/17,1.203383762
2010/8/18,1.203473279
2010/8/19,1.203294244
2010/8/20,1.203473279
2010/8/23,1.203741832
2010/8/24,1.203741832
2010/8/25,1.205263629
2010/8/26,1.204816042
2010/8/27,1.204816042
2010/8/30,1.207143497
2010/8/31,1.205621699
2010/9/1,1.205890252
2010/9/2,1.206874944
2010/9/3,1.206785427
2010/9/6,1.207053979
2010/9/7,1.207412049
2010/9/8,1.206427357
2010/9/9,1.207501567
2010/9/10,1.207233014
2010/9/13,1.206964462
2010/9/14,1.206516874
2010/9/15,1.206158804
2010/9/16,1.205890252
2010/9/17,1.205174112
2010/9/20,1.204189419
2010/9/21,1.204368454
2010/9/27,1.204905559
2010/9/28,1.205979769
2010/9/29,1.206606392
2010/9/30,1.206695909
2010/10/8,1.207322532
2010/10/11,1.206069287
2010/10/12,1.204189419
2010/10/13,1.204368454
2010/10/14,1.204457972
2010/10/15,1.204457972
2010/10/18,1.204368454
2010/10/19,1.204726524
2010/10/20,1.200250649
2010/10/21,1.196938501
2010/10/22,1.195416704
2010/10/25,1.196043326
2010/10/26,1.195148151
2010/10/27,1.193626354
2010/10/28,1.193894906
2010/10/29,1.193715871
2010/11/1,1.194252976
2010/11/2,1.193715871
2010/11/3,1.191925521
2010/11/4,1.189419031
2010/11/5,1.187360129
2010/11/8,1.185838331
2010/11/9,1.185927849
2010/11/10,1.181899561
2010/11/11,1.176528511
2010/11/12,1.174917196
2010/11/15,1.174917196
2010/11/16,1.173753469
2010/11/17,1.174290574
2010/11/18,1.175633336
2010/11/19,1.174738161
2010/11/22,1.172321189
2010/11/23,1.170799391
2010/11/24,1.169904216
2010/11/25,1.169456629
2010/11/26,1.170172769
2010/11/29,1.169635664
2010/11/30,1.169367111
2010/12/1,1.169188076
2010/12/2,1.170351804
2010/12/3,1.172947811
2010/12/6,1.172858294
2010/12/7,1.171784084
2010/12/8,1.172589741
2010/12/9,1.174648644
2010/12/10,1.175364784
2010/12/13,1.176349476
2010/12/14,1.175006714
2010/12/15,1.176170441
2010/12/16,1.177692239
2010/12/17,1.178945484
2010/12/20,1.179572106
2010/12/21,1.179751141
2010/12/22,1.178676931
2010/12/23,1.178229344
2010/12/24,1.179930176
2010/12/27,1.177065616
2010/12/28,1.174917196
2010/12/29,1.177334169
2010/12/30,1.177692239
2010/12/31,1.179393071
2011/1/4,1.180825351
2011/1/5,1.181899561
2011/1/6,1.180198729
2011/1/7,1.180825351
2011/1/10,1.180914869
2011/1/11,1.179393071
2011/1/12,1.182168114
2011/1/13,1.180467281
2011/1/14,1.179482589
2011/1/17,1.180109211
2011/1/18,1.174827679
2011/1/19,1.175185749
2011/1/20,1.175543819
2011/1/21,1.176528511
2011/1/24,1.176080924
2011/1/25,1.175006714
2011/1/26,1.175722854
2011/1/27,1.175543819
2011/1/28,1.178676931
2011/1/31,1.178497896
2011/2/1,1.179661624
2011/2/9,1.171694566
2011/2/10,1.171157461
2011/2/11,1.170978426
2011/2/14,1.173037329
2011/2/15,1.172679259
2011/2/16,1.174290574
2011/2/17,1.174111539
2011/2/18,1.172679259
2011/2/21,1.172679259
2011/2/22,1.170620356
2011/2/23,1.172231671
2011/2/24,1.173395399
2011/2/25,1.175185749
2011/2/28,1.175991406
2011/3/1,1.176438994
2011/3/2,1.175812371
2011/3/3,1.176259959
2011/3/4,1.176976099
2011/3/7,1.176259959
2011/3/8,1.177692239
2011/3/9,1.178229344
2011/3/10,1.179035001
2011/3/11,1.177423686
2011/3/14,1.179572106
2011/3/15,1.180467281
2011/3/16,1.181004386
2011/3/17,1.181362456
2011/3/18,1.181093904
2011/3/21,1.179482589
2011/3/22,1.182705219
2011/3/23,1.180019694
2011/3/24,1.182436666
2011/3/25,1.182436666
2011/3/28,1.182436666
2011/3/29,1.183152806
2011/3/30,1.184406051
2011/3/31,1.184406051
2011/4/1,1.183868946
2011/4/6,1.182078596
2011/4/7,1.182973771
2011/4/8,1.182973771
2011/4/11,1.184047981
2011/4/12,1.185211709
2011/4/13,1.186285919
2011/4/14,1.186733506
2011/4/15,1.186464954
2011/4/18,1.185659296
2011/4/19,1.185927849
2011/4/20,1.185838331
2011/4/21,1.186106884
2011/4/22,1.185748814
2011/4/25,1.185838331
2011/4/26,1.185927849
2011/4/27,1.186733506
2011/4/28,1.187449646
2011/4/29,1.189150479
2011/5/3,1.190672276
2011/5/4,1.187718199
2011/5/5,1.194969116
2011/5/6,1.197475606
2011/5/9,1.198639334
2011/5/10,1.198281264
2011/5/11,1.198460299
2011/5/12,1.198818369
2011/5/13,1.199176439
2011/5/16,1.199086921
2011/5/17,1.199355474
2011/5/18,1.199444991
2011/5/19,1.198639334
2011/5/20,1.199444991
2011/5/23,1.199713544
2011/5/24,1.199713544
2011/5/25,1.200071614
2011/5/26,1.200161132
2011/5/27,1.199892579
2011/5/30,1.200161132
2011/5/31,1.200250649
2011/6/1,1.200250649
2011/6/2,1.199892579
2011/6/3,1.200250649
2011/6/7,1.200519202
2011/6/8,1.199713544
2011/6/9,1.198728851
2011/6/10,1.198012711
2011/6/13,1.198102229
2011/6/14,1.196759466
2011/6/15,1.194073941
2011/6/16,1.192910214
2011/6/17,1.193268284
2011/6/20,1.194879599
2011/6/21,1.195416704
2011/6/22,1.194342494
2011/6/23,1.193357801
2011/6/24,1.195595739
2011/6/27,1.195416704
2011/6/28,1.195058634
2011/6/29,1.195416704
2011/6/30,1.195058634
2011/7/1,1.195953809
2011/7/4,1.196132844
2011/7/5,1.196043326
2011/7/6,1.196043326
2011/7/7,1.195595739
2011/7/8,1.195774774
2011/7/11,1.195864291
2011/7/12,1.195774774
2011/7/13,1.195595739
2011/7/14,1.194969116
2011/7/15,1.194252976
2011/7/18,1.193089249
2011/7/19,1.190045654
2011/7/20,1.187091576
2011/7/21,1.184585086
2011/7/22,1.186017366
2011/7/25,1.185659296
2011/7/26,1.184853639
2011/7/27,1.185122191
2011/7/28,1.184853639
2011/7/29,1.184853639
2011/8/1,1.185032674
2011/8/2,1.185480261
2011/8/3,1.180825351
2011/8/4,1.181631009
2011/8/5,1.184137499
2011/8/8,1.186554471
2011/8/9,1.188076269
2011/8/10,1.188971444
2011/8/11,1.191388416
2011/8/12,1.190582759
2011/8/15,1.191209381
2011/8/16,1.190940829
2011/8/17,1.190940829
2011/8/18,1.191030346
2011/8/19,1.191656969
2011/8/22,1.192641661
2011/8/23,1.192104556
2011/8/24,1.191925521
2011/8/25,1.191030346
2011/8/26,1.190045654
2011/8/29,1.184853639
2011/8/30,1.183331841
2011/8/31,1.183600394
2011/9/1,1.185122191
2011/9/2,1.185659296
2011/9/5,1.186375436
2011/9/6,1.187628681
2011/9/7,1.186643989
2011/9/8,1.185659296
2011/9/9,1.186106884
2011/9/13,1.187002059
2011/9/14,1.186733506
2011/9/15,1.186733506
2011/9/16,1.185927849
2011/9/19,1.186375436
2011/9/20,1.186196401
2011/9/21,1.186196401
2011/9/22,1.186823024
2011/9/23,1.190940829
2011/9/26,1.193894906
2011/9/27,1.193089249
2011/9/28,1.192910214
2011/9/29,1.193894906
2011/9/30,1.195416704
2011/10/10,1.201682929
2011/10/11,1.202488587
2011/10/12,1.201861964
2011/10/13,1.201235342
2011/10/14,1.203383762
2011/10/17,1.203920867
2011/10/18,1.205621699
2011/10/19,1.207143497
2011/10/20,1.210634679
2011/10/21,1.213946827
2011/10/24,1.212335512
2011/10/25,1.211350819
2011/10/26,1.212156477
2011/10/27,1.211350819
2011/10/28,1.211977442
2011/10/31,1.214573449
2011/11/1,1.215916212
2011/11/2,1.217258974
2011/11/3,1.218422702
2011/11/4,1.219765464
2011/11/7,1.220213052
2011/11/8,1.222450989
2011/11/9,1.226121207
2011/11/10,1.230328529
2011/11/11,1.230686599
2011/11/14,1.231671292
2011/11/15,1.229880942
2011/11/16,1.230059977
2011/11/17,1.229701907
2011/11/18,1.229522872
2011/11/21,1.229075284
2011/11/22,1.228896249
2011/11/23,1.230149494
2011/11/24,1.231760809
2011/11/25,1.231402739
2011/11/28,1.231134187
2011/11/29,1.230507564
2011/11/30,1.231044669
2011/12/1,1.237310894
2011/12/2,1.241339182
2011/12/5,1.243935189
2011/12/6,1.242592427
2011/12/7,1.242771462
2011/12/8,1.242681944
2011/12/9,1.243756154
2011/12/12,1.243756154
2011/12/13,1.243398084
2011/12/14,1.243666637
2011/12/15,1.243666637
2011/12/16,1.244114224
2011/12/19,1.244830364
2011/12/20,1.244919882
2011/12/21,1.245277952
2011/12/22,1.244651329
2011/12/23,1.244740847
2011/12/26,1.245367469
2011/12/27,1.245994092
2011/12/28,1.246531197
2011/12/29,1.246710232
2011/12/30,1.248769134
2012/1/4,1.249216722
2012/1/5,1.248769134
2012/1/6,1.250828037
2012/1/9,1.252349834
2012/1/10,1.253424044
2012/1/11,1.253961149
2012/1/12,1.254856324
2012/1/13,1.254319219
2012/1/16,1.254319219
2012/1/17,1.254408737
2012/1/18,1.254766807
2012/1/19,1.255214394
2012/1/20,1.255930534
2012/1/30,1.257810402
2012/1/31,1.258078954
2012/2/1,1.256646674
2012/2/2,1.256020052
2012/2/3,1.256109569
2012/2/6,1.255124877
2012/2/7,1.254945842
2012/2/8,1.253065974
2012/2/9,1.250649002
2012/2/10,1.251723212
2012/2/13,1.253603079
2012/2/14,1.253692597
2012/2/15,1.253155492
2012/2/16,1.252349834
2012/2/17,1.251723212
2012/2/20,1.253871632
2012/2/21,1.253513562
2012/2/22,1.252886939
2012/2/23,1.252886939
2012/2/24,1.253155492
2012/2/27,1.252081282
2012/2/28,1.251812729
2012/2/29,1.252170799
2012/3/1,1.252081282
2012/3/2,1.251812729
2012/3/5,1.251902247
2012/3/6,1.252081282
2012/3/7,1.253065974
2012/3/8,1.253692597
2012/3/9,1.254229702
2012/3/12,1.255214394
2012/3/13,1.255124877
2012/3/14,1.254945842
2012/3/15,1.254498254
2012/3/16,1.254319219
2012/3/19,1.254945842
2012/3/20,1.254498254
2012/3/21,1.253961149
2012/3/22,1.254050667
2012/3/23,1.254498254
2012/3/26,1.254856324
2012/3/27,1.254856324
2012/3/28,1.255393429
2012/3/29,1.256467639
2012/3/30,1.257094262
2012/4/5,1.257183779
2012/4/6,1.257273297
2012/4/9,1.257362814
2012/4/10,1.256736192
2012/4/11,1.256915227
2012/4/12,1.256736192
2012/4/13,1.256736192
2012/4/16,1.256825709
2012/4/17,1.256646674
2012/4/18,1.256378122
2012/4/19,1.256378122
2012/4/20,1.256557157
2012/4/23,1.257183779
2012/4/24,1.257899919
2012/4/25,1.257899919
2012/4/26,1.258168472
2012/4/27,1.258257989
2012/5/2,1.259063647
2012/5/3,1.258974129
2012/5/4,1.259063647
2012/5/7,1.259600752
2012/5/8,1.259600752
2012/5/9,1.260406409
2012/5/10,1.261480619
2012/5/11,1.263629039
2012/5/14,1.267746845
2012/5/15,1.271954167
2012/5/16,1.27508728
2012/5/17,1.273834035
2012/5/18,1.275624385
2012/5/21,1.275534867
2012/5/22,1.276071972
2012/5/23,1.27616149
2012/5/24,1.27938412
2012/5/25,1.28260675
2012/5/28,1.281801092
2012/5/29,1.281263987
2012/5/30,1.28045833
2012/5/31,1.281711575
2012/6/1,1.281711575
2012/6/4,1.282338197
2012/6/5,1.281711575
2012/6/6,1.282069645
2012/6/7,1.282875302
2012/6/8,1.28654552
2012/6/11,1.28547131
2012/6/12,1.284934205
2012/6/13,1.283949512
2012/6/14,1.28332289
2012/6/15,1.283859995
2012/6/18,1.283143855
2012/6/19,1.282875302
2012/6/20,1.28260675
2012/6/21,1.28296482
2012/6/25,1.284218065
2012/6/26,1.284844687
2012/6/27,1.28654552
2012/6/28,1.28761973
2012/6/29,1.287440695
2012/7/2,1.287530212
2012/7/3,1.28833587
2012/7/4,1.288783457
2012/7/5,1.28905201
2012/7/6,1.291379465
2012/7/9,1.293080297
2012/7/10,1.293975472
2012/7/11,1.29442306
2012/7/12,1.29478113
2012/7/13,1.294244025
2012/7/16,1.293975472
2012/7/17,1.29406499
2012/7/18,1.29442306
2012/7/19,1.29370692
2012/7/20,1.29406499
2012/7/23,1.29442306
2012/7/24,1.294691612
2012/7/25,1.29442306
2012/7/26,1.294154507
2012/7/27,1.29406499
2012/7/30,1.29442306
2012/7/31,1.29334885
2012/8/1,1.293527885
2012/8/2,1.293259332
2012/8/3,1.29299078
2012/8/6,1.29227464
2012/8/7,1.290931877
2012/8/8,1.289947185
2012/8/9,1.29120043
2012/8/10,1.29191657
2012/8/13,1.290931877
2012/8/14,1.29048429
2012/8/15,1.289499597
2012/8/16,1.28905201
2012/8/17,1.289678632
2012/8/20,1.28833587
2012/8/21,1.287709247
2012/8/22,1.285650345
2012/8/23,1.286097932
2012/8/24,1.287082625
2012/8/27,1.287440695
2012/8/28,1.286814072
2012/8/29,1.28618745
2012/8/30,1.286724555
2012/8/31,1.286276967
2012/9/3,1.287172142
2012/9/4,1.287798765
2012/9/5,1.28761973
2012/9/6,1.287530212
2012/9/7,1.28654552
2012/9/10,1.285023722
2012/9/11,1.28475517
2012/9/12,1.283143855
2012/9/13,1.282338197
2012/9/14,1.28045833
2012/9/17,1.27902605
2012/9/18,1.281084952
2012/9/19,1.280905917
2012/9/20,1.281084952
2012/9/21,1.28117447
2012/9/24,1.28224868
2012/9/25,1.283770477
2012/9/26,1.285739862
2012/9/27,1.286456002
2012/9/28,1.285292275
2012/10/8,1.285292275
2012/10/9,1.28475517
2012/10/10,1.284844687
2012/10/11,1.285650345
2012/10/12,1.28654552
2012/10/15,1.287798765
2012/10/16,1.2879778
2012/10/17,1.287440695
2012/10/18,1.287082625
2012/10/19,1.287351177
2012/10/22,1.287082625
2012/10/23,1.286993107
2012/10/24,1.287082625
2012/10/25,1.286366485
2012/10/26,1.28618745
2012/10/29,1.286724555
2012/10/30,1.28690359
2012/10/31,1.28726166
2012/11/1,1.286456002
2012/11/2,1.286456002
2012/11/5,1.286724555
2012/11/6,1.28654552
2012/11/7,1.28654552
2012/11/8,1.286456002
2012/11/9,1.286724555
2012/11/12,1.286993107
2012/11/13,1.287351177
2012/11/14,1.287888282
2012/11/15,1.287709247
2012/11/16,1.289141527
2012/11/19,1.29048429
2012/11/20,1.290573807
2012/11/21,1.290305255
2012/11/22,1.28976815
2012/11/23,1.289857667
2012/11/26,1.289857667
2012/11/27,1.289678632
2012/11/28,1.28976815
2012/11/29,1.289857667
2012/11/30,1.28976815
2012/12/3,1.290036702
2012/12/4,1.289499597
2012/12/5,1.28941008
2012/12/6,1.288962492
2012/12/7,1.288962492
2012/12/10,1.289320562
2012/12/11,1.289589115
2012/12/12,1.289857667
2012/12/13,1.290036702
2012/12/14,1.28976815
2012/12/17,1.29012622
2012/12/18,1.290215737
2012/12/19,1.289857667
2012/12/20,1.289678632
2012/12/21,1.28976815
2012/12/24,1.289857667
2012/12/25,1.29012622
2012/12/26,1.29048429
2012/12/27,1.291110912
2012/12/28,1.291827052
2012/12/31,1.292722227
2013/1/4,1.29227464
2013/1/7,1.293080297
2013/1/8,1.293885955
2013/1/9,1.294512577
2013/1/10,1.294691612
2013/1/11,1.294333542
2013/1/14,1.294691612
2013/1/15,1.294870647
2013/1/16,1.29478113
2013/1/17,1.295228717
2013/1/18,1.296392445
2013/1/21,1.29692955
2013/1/22,1.297735207
2013/1/23,1.298182795
2013/1/24,1.298182795
2013/1/25,1.298630382
2013/1/28,1.298988452
2013/1/29,1.298988452
2013/1/30,1.298988452
2013/1/31,1.299257005
2013/2/1,1.299704592
2013/2/4,1.300599767
2013/2/5,1.301315907
2013/2/6,1.300957837
2013/2/7,1.302032047
2013/2/8,1.30265867
2013/2/18,1.304269985
2013/2/19,1.304359502
2013/2/20,1.305075642
2013/2/21,1.306060335
2013/2/22,1.306060335
2013/2/25,1.306060335
2013/2/26,1.306060335
2013/2/27,1.305702265
2013/2/28,1.305970817
2013/3/1,1.305970817
2013/3/4,1.30695551
2013/3/5,1.30731358
2013/3/6,1.30767165
2013/3/7,1.30767165
2013/3/8,1.307850685
2013/3/11,1.30802972
2013/3/12,1.308208755
2013/3/13,1.30838779
2013/3/14,1.308477307
2013/3/15,1.308119237
2013/3/18,1.308477307
2013/3/19,1.308477307
2013/3/20,1.30838779
2013/3/21,1.30838779
2013/3/22,1.308656342
2013/3/25,1.308924895
2013/3/26,1.309372482
2013/3/27,1.309730552
2013/3/28,1.310357175
2013/3/29,1.311073315
2013/4/1,1.312147525
2013/4/2,1.31340077
2013/4/3,1.315012085
2013/4/8,1.317160505
2013/4/9,1.318145197
2013/4/10,1.318234715
2013/4/11,1.318503267
2013/4/12,1.319040372
2013/4/15,1.320293617
2013/4/16,1.321457345
2013/4/17,1.322083967
2013/4/18,1.321099275
2013/4/19,1.319577477
2013/4/22,1.319219407
2013/4/23,1.319219407
2013/4/24,1.31984603
2013/4/25,1.320741205
2013/4/26,1.32163638
2013/5/2,1.323158177
2013/5/3,1.324321905
2013/5/6,1.324232387
2013/5/7,1.325306597
2013/5/8,1.325038045
2013/5/9,1.32557515
2013/5/10,1.326022737
2013/5/13,1.326470325
2013/5/14,1.327186465
2013/5/15,1.327275982
2013/5/16,1.327455017
2013/5/17,1.327544535
2013/5/20,1.32772357
2013/5/21,1.32772357
2013/5/22,1.327902605
2013/5/23,1.32843971
2013/5/24,1.328618745
2013/5/27,1.32915585
2013/5/28,1.329603437
2013/5/29,1.32915585
2013/5/30,1.329245367
2013/5/31,1.329066332
2013/6/3,1.329066332
2013/6/4,1.328618745
2013/6/5,1.328350192
2013/6/6,1.32772357
2013/6/7,1.327096947
2013/6/13,1.327902605
2013/6/14,1.327096947
2013/6/17,1.326738877
2013/6/18,1.325485632
2013/6/19,1.32342673
2013/6/20,1.317070987
2013/6/21,1.315280637
2013/6/24,1.314743532
2013/6/25,1.31554919
2013/6/26,1.318592785
2013/6/27,1.322173485
2013/6/28,1.323963835
2013/7/1,1.32557515
2013/7/2,1.325754185
2013/7/3,1.326470325
2013/7/4,1.327813087
2013/7/5,1.328887297
2013/7/8,1.328618745
2013/7/9,1.32808164
2013/7/10,1.32629129
2013/7/11,1.32521708
2013/7/12,1.3237848
2013/7/15,1.323516247
2013/7/16,1.322979142
2013/7/17,1.321725897
2013/7/18,1.320741205
2013/7/19,1.319398442
2013/7/22,1.318234715
2013/7/23,1.316175812
2013/7/24,1.313848357
2013/7/25,1.315280637
2013/7/26,1.3166234
2013/7/29,1.316444365
2013/7/30,1.317070987
2013/7/31,1.317608092
2013/8/1,1.318861337
2013/8/2,1.32056217
2013/8/5,1.320383135
2013/8/6,1.319935547
2013/8/7,1.318592785
2013/8/8,1.316086295
2013/8/9,1.315370155
2013/8/12,1.314295945
2013/8/13,1.311520902
2013/8/14,1.309014412
2013/8/15,1.307761167
2013/8/16,1.307134545
2013/8/19,1.306328887
2013/8/20,1.303553845
2013/8/21,1.303911915
2013/8/22,1.30444902
2013/8/23,1.305970817
2013/8/26,1.307761167
2013/8/27,1.30838779
2013/8/28,1.307403097
2013/8/29,1.306776475
2013/8/30,1.306865992
2013/9/2,1.306686957
2013/9/3,1.306507922
2013/9/4,1.305433712
2013/9/5,1.304986125
2013/9/6,1.304986125
2013/9/9,1.305075642
2013/9/10,1.304359502
2013/9/11,1.302927222
2013/9/12,1.302479635
2013/9/13,1.302569152
2013/9/16,1.303285292
2013/9/17,1.304628055
2013/9/18,1.305254677
2013/9/23,1.30802972
2013/9/24,1.307582132
2013/9/25,1.307492615
2013/9/26,1.308924895
2013/9/27,1.308924895
2013/9/30,1.30910393
2013/10/8,1.310715245
2013/10/9,1.31053621
2013/10/10,1.310446692
2013/10/11,1.310715245
2013/10/14,1.31017814
2013/10/15,1.30910393
2013/10/16,1.30838779
2013/10/17,1.307850685
2013/10/18,1.30767165
2013/10/21,1.30767165
2013/10/22,1.306776475
2013/10/23,1.30659744
2013/10/24,1.304359502
2013/10/25,1.301405425
2013/10/28,1.301405425
2013/10/29,1.300420732
2013/10/30,1.299257005
2013/10/31,1.300420732
2013/11/1,1.302032047
2013/11/4,1.30194253
2013/11/5,1.300957837
2013/11/6,1.299346522
2013/11/7,1.29657148
2013/11/8,1.29334885
2013/11/11,1.289499597
2013/11/12,1.286724555
2013/11/13,1.284934205
2013/11/14,1.282875302
2013/11/15,1.27795184
2013/11/18,1.276967147
2013/11/19,1.27508728
2013/11/20,1.27293886
2013/11/21,1.272759825
2013/11/22,1.27544535
2013/11/25,1.27580342
2013/11/26,1.276430042
2013/11/27,1.27795184
2013/11/28,1.28010026
2013/11/29,1.282427715
2013/12/2,1.281711575
2013/12/3,1.282427715
2013/12/4,1.283501925
2013/12/5,1.282159162
2013/12/6,1.281084952
2013/12/9,1.280726882
2013/12/10,1.27902605
2013/12/11,1.27759377
2013/12/12,1.279473637
2013/12/13,1.28117447
2013/12/16,1.281263987
2013/12/17,1.280010742
2013/12/18,1.279652672
2013/12/19,1.278130875
2013/12/20,1.2772357
2013/12/23,1.27759377
2013/12/24,1.27795184
2013/12/25,1.278041357
2013/12/26,1.27830991
2013/12/27,1.278488945
2013/12/30,1.27866798
2013/12/31,1.278847015
2014/1/2,1.278488945
2014/1/3,1.276788112
2014/1/6,1.276609077
2014/1/7,1.2772357
2014/1/8,1.278399427
2014/1/9,1.279294602
2014/1/10,1.279473637
2014/1/13,1.27974219
2014/1/14,1.280189777
2014/1/15,1.280637365
2014/1/16,1.281084952
2014/1/17,1.281353505
2014/1/20,1.283054337
2014/1/21,1.284218065
2014/1/22,1.285292275
2014/1/23,1.286008415
2014/1/24,1.286456002
2014/1/27,1.288156835
2014/1/28,1.289947185
2014/1/29,1.290036702
2014/1/30,1.290215737
2014/2/7,1.29334885
2014/2/10,1.29406499
2014/2/11,1.294602095
2014/2/12,1.29478113
2014/2/13,1.295228717
2014/2/14,1.296123892
2014/2/17,1.297108585
2014/2/18,1.297108585
2014/2/19,1.297198102
2014/2/20,1.298988452
2014/2/21,1.301405425
2014/2/24,1.30265867
2014/2/25,1.3058813
2014/2/26,1.307850685
2014/2/27,1.309193447
2014/2/28,1.311789455
2014/3/3,1.312237042
2014/3/4,1.311162832
2014/3/5,1.310625727
2014/3/6,1.30982007
2014/3/7,1.309909587
2014/3/10,1.310715245
2014/3/11,1.311073315
2014/3/12,1.311431385
2014/3/13,1.311878972
2014/3/14,1.31268463
2014/3/17,1.313311252
2014/3/18,1.313490287
2014/3/19,1.312953182
2014/3/20,1.311073315
2014/3/21,1.31125235
2014/3/24,1.312058007
2014/3/25,1.31196849
2014/3/26,1.312147525
2014/3/27,1.31232656
2014/3/28,1.312416077
2014/3/31,1.312953182
2014/4/1,1.312953182
2014/4/2,1.312863665
2014/4/3,1.312505595
2014/4/4,1.31232656
2014/4/8,1.3130427
2014/4/9,1.313311252
2014/4/10,1.313221735
2014/4/11,1.313579805
2014/4/14,1.314922567
2014/4/15,1.315638707
2014/4/16,1.316175812
2014/4/17,1.319398442
2014/4/18,1.32056217
2014/4/21,1.321457345
2014/4/22,1.32163638
2014/4/23,1.321904932
2014/4/24,1.322173485
2014/4/25,1.32235252
2014/4/28,1.32414287
2014/4/29,1.324411422
2014/4/30,1.324769492
2014/5/5,1.326470325
2014/5/6,1.327275982
2014/5/7,1.328171157
2014/5/8,1.329334885
2014/5/9,1.33202041
2014/5/12,1.333184137
2014/5/13,1.333542208
2014/5/14,1.333542208
2014/5/15,1.33345269
2014/5/16,1.333273655
2014/5/19,1.333989795
2014/5/20,1.33416883
2014/5/21,1.3345269
2014/5/22,1.334974488
2014/5/23,1.33560111
2014/5/26,1.337928565
2014/5/27,1.338376153
2014/5/28,1.339271328
2014/5/29,1.34025602
2014/5/30,1.34097216
2014/6/3,1.34383672
2014/6/4,1.345716588
2014/6/5,1.345895623
2014/6/6,1.346253693
2014/6/9,1.346611763
2014/6/10,1.346969833
2014/6/11,1.347685973
2014/6/12,1.347954525
2014/6/13,1.347954525
2014/6/16,1.348760183
2014/6/17,1.349118253
2014/6/18,1.349028735
2014/6/19,1.34920777
2014/6/20,1.349476323
2014/6/23,1.350371498
2014/6/24,1.35064005
2014/6/25,1.350819085
2014/6/26,1.350908603
2014/6/27,1.351177155
2014/6/30,1.351535225
2014/7/1,1.351445708
2014/7/2,1.350461015
2014/7/3,1.34992391
2014/7/4,1.349476323
2014/7/7,1.350013428
2014/7/8,1.350192463
2014/7/9,1.350371498
2014/7/10,1.350461015
2014/7/11,1.350550533
2014/7/14,1.350729568
2014/7/15,1.350461015
2014/7/16,1.349655358
2014/7/17,1.347865008
2014/7/18,1.34562707
2014/7/21,1.345895623
2014/7/22,1.346432728
2014/7/23,1.34670128
2014/7/24,1.34705935
2014/7/25,1.34741742
2014/7/28,1.34813356
2014/7/29,1.348402113
2014/7/30,1.348402113
2014/7/31,1.348581148
2014/8/1,1.349118253
2014/8/4,1.34992391
2014/8/5,1.35028198
2014/8/6,1.35064005
2014/8/7,1.35099812
2014/8/8,1.351177155
2014/8/11,1.35171426
2014/8/12,1.351803778
2014/8/13,1.352161848
2014/8/14,1.355384478
2014/8/15,1.355921583
2014/8/18,1.356548205
2014/8/19,1.35672724
2014/8/20,1.35672724
2014/8/21,1.35672724
2014/8/22,1.356995793
2014/8/25,1.357532898
2014/8/26,1.35780145
2014/8/27,1.358338555
2014/8/28,1.359054695
2014/8/29,1.3595918
2014/9/1,1.36030794
2014/9/2,1.36066601
2014/9/3,1.360845045
2014/9/4,1.360845045
2014/9/5,1.36102408
2014/9/9,1.36174022
2014/9/10,1.36174022
2014/9/11,1.361829738
2014/9/12,1.361829738
2014/9/15,1.362724913
2014/9/16,1.362993465
2014/9/17,1.364157193
2014/9/18,1.365141885
2014/9/19,1.368095963
2014/9/22,1.369796795
2014/9/23,1.370512935
2014/9/24,1.370512935
2014/9/25,1.370512935
2014/9/26,1.37105004
2014/9/29,1.372034733
2014/9/30,1.372571838
2014/10/8,1.374004118
2014/10/9,1.374183153
2014/10/10,1.374451705
2014/10/13,1.375257363
2014/10/14,1.376689643
2014/10/15,1.379554203
2014/10/16,1.381881658
2014/10/17,1.383672008
2014/10/20,1.386178498
2014/10/21,1.389848715
2014/10/22,1.390475338
2014/10/23,1.39038582
2014/10/24,1.390654373
2014/10/27,1.391280995
2014/10/28,1.39253424
2014/10/29,1.393787485
2014/10/30,1.394951213
2014/10/31,1.39575687
2014/11/3,1.397726255
2014/11/4,1.401038403
2014/11/5,1.405693313
2014/11/6,1.407125593
2014/11/7,1.409363531
2014/11/10,1.412228091
2014/11/11,1.416435413
2014/11/12,1.416793483
2014/11/13,1.416166861
2014/11/14,1.414197476
2014/11/17,1.413570853
2014/11/18,1.412765196
2014/11/19,1.413302301
2014/11/20,1.413302301
2014/11/21,1.411332916
2014/11/24,1.418404798
2014/11/25,1.419299973
2014/11/26,1.419210456
2014/11/27,1.419747561
2014/11/28,1.420105631
2014/12/1,1.420732253
2014/12/2,1.420284666
2014/12/3,1.418404798
2014/12/4,1.416256378
2014/12/5,1.410885328
2014/12/8,1.409094978
2014/12/9,1.401306956
2014/12/10,1.401396473
2014/12/11,1.403813446
2014/12/12,1.405156208
2014/12/15,1.405514278
2014/12/16,1.404350551
2014/12/17,1.404798138
2014/12/18,1.406230418
2014/12/19,1.407304628
2014/12/22,1.409094978
2014/12/23,1.410616776
2014/12/24,1.412854713
2014/12/25,1.415361203
2014/12/26,1.415450721
2014/12/29,1.416524931
2014/12/30,1.417062036
2014/12/31,1.417241071
2015/1/5,1.416883001
2015/1/6,1.417957211
2015/1/7,1.417867693
2015/1/8,1.418673351
2015/1/9,1.419389491
2015/1/12,1.420463701
2015/1/13,1.422075016
2015/1/14,1.423596813
2015/1/15,1.426461373
2015/1/16,1.428788828
2015/1/19,1.431026766
2015/1/20,1.431474353
2015/1/21,1.432548563
2015/1/22,1.434159878
2015/1/23,1.434786501
2015/1/26,1.436218781
2015/1/27,1.435950228
2015/1/28,1.434517948
2015/1/29,1.433712291
2015/1/30,1.432727598
2015/2/2,1.432548563
2015/2/3,1.432906633
2015/2/4,1.433443738
2015/2/5,1.436308298
2015/2/6,1.434607466
2015/2/9,1.435055053
2015/2/10,1.434786501
2015/2/11,1.434786501
2015/2/12,1.436666368
2015/2/13,1.438367201
2015/2/16,1.440963208
2015/2/17,1.442305971
2015/2/25,1.444364873
2015/2/26,1.444006803
2015/2/27,1.443827768
2015/3/2,1.444096321
2015/3/3,1.442664041
2015/3/4,1.442037418
2015/3/5,1.440784173
2015/3/6,1.439441411
2015/3/9,1.438635753
2015/3/10,1.438546236
2015/3/11,1.439262376
2015/3/12,1.441231761
2015/3/13,1.440963208
2015/3/16,1.439888998
2015/3/17,1.438277683
2015/3/18,1.439172858
2015/3/19,1.438009131
2015/3/20,1.439441411
2015/3/23,1.440068033
2015/3/24,1.439709963
2015/3/25,1.438904306
2015/3/26,1.437472026
2015/3/27,1.434517948
2015/3/30,1.434070361
2015/3/31,1.430579178
2015/4/1,1.429952556
2015/4/2,1.433085668
2015/4/3,1.434070361
2015/4/7,1.433175186
2015/4/8,1.431474353
2015/4/9,1.429684003
2015/4/10,1.430579178
2015/4/13,1.431563871
2015/4/14,1.433533256
2015/4/15,1.435234088
2015/4/16,1.437292991
2015/4/17,1.437651061
2015/4/20,1.442485006
2015/4/21,1.446960881
2015/4/22,1.447497986
2015/4/23,1.447318951
2015/4/24,1.446513293
2015/4/27,1.447497986
2015/4/28,1.448303643
2015/4/29,1.448661713
2015/4/30,1.449914958
2015/5/4,1.451168203
2015/5/5,1.450541581
2015/5/6,1.450093993
2015/5/7,1.449646406
2015/5/8,1.450093993
2015/5/11,1.452690001
2015/5/12,1.453764211
2015/5/13,1.455733596
2015/5/14,1.458419121
2015/5/15,1.460657058
2015/5/18,1.461641751
2015/5/19,1.459851401
2015/5/20,1.459314296
2015/5/21,1.459582848
2015/5/22,1.460030436
2015/5/25,1.460209471
2015/5/26,1.458866708
2015/5/27,1.457613463
2015/5/28,1.456449736
2015/5/29,1.456002148
2015/6/1,1.455286008
2015/6/2,1.456002148
2015/6/3,1.456628771
2015/6/4,1.457702981
2015/6/5,1.457971533
2015/6/8,1.458866708
2015/6/9,1.459672366
2015/6/10,1.459761883
2015/6/11,1.458777191
2015/6/12,1.458061051
2015/6/15,1.458687673
2015/6/16,1.458598156
2015/6/17,1.458866708
2015/6/18,1.459761883
2015/6/19,1.460567541
2015/6/23,1.460298988
2015/6/24,1.461015128
2015/6/25,1.460746576
2015/6/26,1.461104646
2015/6/29,1.462357891
2015/6/30,1.462178856
2015/7/1,1.462447408
2015/7/2,1.462357891
2015/7/3,1.462536926
2015/7/6,1.465491003
2015/7/7,1.468355564
2015/7/8,1.471488676
2015/7/9,1.470324949
2015/7/10,1.469608809
2015/7/13,1.469787844
2015/7/14,1.469161221
2015/7/15,1.469161221
2015/7/16,1.469966879
2015/7/17,1.470503984
2015/7/20,1.471757229
2015/7/21,1.472562886
2015/7/22,1.472831439
2015/7/23,1.474084684
2015/7/24,1.476143586
2015/7/27,1.476859726
2015/7/28,1.478202489
2015/7/29,1.479097664
2015/7/30,1.480082356
2015/7/31,1.479992839
2015/8/3,1.479903321
2015/8/4,1.480440426
2015/8/5,1.481783189
2015/8/6,1.482141259
2015/8/7,1.483394504
2015/8/10,1.484647749
2015/8/11,1.483304986
2015/8/12,1.481246084
2015/8/13,1.481962224
2015/8/14,1.483036434
2015/8/17,1.484021126
2015/8/18,1.484110644
2015/8/19,1.484021126
2015/8/20,1.484200161
2015/8/21,1.485363889
2015/8/24,1.486169546
2015/8/25,1.487601826
2015/8/26,1.488676036
2015/8/27,1.489123624
2015/8/28,1.490197834
2015/8/31,1.491630114
2015/9/1,1.493689016
2015/9/2,1.493778534
2015/9/7,1.495210814
2015/9/8,1.494047086
2015/9/9,1.494405156
2015/9/10,1.494226121
2015/9/11,1.494584191
2015/9/14,1.495837436
2015/9/15,1.496105989
2015/9/16,1.497001164
2015/9/17,1.497090681
2015/9/18,1.497180199
2015/9/21,1.497538269
2015/9/22,1.496911646
2015/9/23,1.496822129
2015/9/24,1.496911646
2015/9/25,1.497269716
2015/9/28,1.497985856
2015/9/29,1.498881031
2015/9/30,1.499776206
2015/10/8,1.501118969
2015/10/9,1.502372214
2015/10/12,1.504520634
2015/10/13,1.505147256
2015/10/14,1.507653746
2015/10/15,1.508369886
2015/10/16,1.507653746
2015/10/19,1.507832781
2015/10/20,1.508996509
2015/10/21,1.510160236
2015/10/22,1.510607824
2015/10/23,1.511771551
2015/10/26,1.513561901
2015/10/27,1.515978874
2015/10/28,1.517769224
2015/10/29,1.517321636
2015/10/30,1.516963566
2015/11/2,1.517142601
2015/11/3,1.517053084
2015/11/4,1.515978874
2015/11/5,1.514188524
2015/11/6,1.514546594
2015/11/9,1.512756244
2015/11/10,1.509354579
2015/11/11,1.510428789
2015/11/12,1.511144929
2015/11/13,1.512040104
2015/11/16,1.512040104
2015/11/17,1.512219139
2015/11/18,1.512487691
2015/11/19,1.511592516
2015/11/20,1.512040104
2015/11/23,1.512845761
2015/11/24,1.512935279
2015/11/25,1.514367559
2015/11/26,1.515083699
2015/11/27,1.515710321
2015/11/30,1.516874049
2015/12/1,1.518037776
2015/12/2,1.518395846
2015/12/3,1.519291021
2015/12/4,1.520812819
2015/12/7,1.521976546
2015/12/8,1.523319309
2015/12/9,1.523140274
2015/12/10,1.524751589
2015/12/11,1.525378211
2015/12/14,1.525557246
2015/12/15,1.525557246
2015/12/16,1.526452421
2015/12/17,1.527079044
2015/12/18,1.528511324
2015/12/21,1.531196849
2015/12/22,1.534240444
2015/12/23,1.534688032
2015/12/24,1.536209829
2015/12/25,1.538716319
2015/12/28,1.540685704
2015/12/29,1.541312327
2015/12/30,1.541849432
2015/12/31,1.541043774
2016/1/4,1.540327634
2016/1/5,1.538626802
2016/1/6,1.538984872
2016/1/7,1.540954257
2016/1/8,1.542028467
2016/1/11,1.543013159
2016/1/12,1.545072062
2016/1/13,1.547757587
2016/1/14,1.549368902
2016/1/15,1.548742279
2016/1/18,1.548294692
2016/1/19,1.548026139
2016/1/20,1.546862412
2016/1/21,1.546683377
2016/1/22,1.548115657
2016/1/25,1.546772894
2016/1/26,1.545609167
2016/1/27,1.544087369
2016/1/28,1.542923642
2016/1/29,1.544445439
2016/2/1,1.544982544
2016/2/2,1.544982544
2016/2/3,1.543908334
2016/2/4,1.544445439
2016/2/5,1.544624474
2016/2/15,1.547847104
2016/2/16,1.547489034
2016/2/17,1.547309999
2016/2/18,1.547399517
2016/2/19,1.548473727
2016/2/22,1.549010832
2016/2/23,1.549189867
2016/2/24,1.549279384
2016/2/25,1.549189867
2016/2/26,1.548921314
2016/2/29,1.549637454
2016/3/1,1.550532629
2016/3/2,1.550622147
2016/3/3,1.551248769
2016/3/4,1.551606839
2016/3/7,1.551964909
2016/3/8,1.551069734
2016/3/9,1.552143944
2016/3/10,1.553844777
2016/3/11,1.554918987
2016/3/14,1.555814162
2016/3/15,1.556261749
2016/3/16,1.557604512
2016/3/17,1.558410169
2016/3/18,1.558768239
2016/3/21,1.558947274
2016/3/22,1.558768239
2016/3/23,1.559305344
2016/3/24,1.559842449
2016/3/25,1.560021484
2016/3/28,1.559484379
2016/3/29,1.559573897
2016/3/30,1.560290037
2016/3/31,1.560379554
2016/4/1,1.560379554
2016/4/5,1.561274729
2016/4/6,1.560648107
2016/4/7,1.560200519
2016/4/8,1.559573897
2016/4/11,1.560021484
2016/4/12,1.559305344
2016/4/13,1.558141617
2016/4/14,1.555366574
2016/4/15,1.554650434
2016/4/18,1.555635127
2016/4/19,1.555545609
2016/4/20,1.554023812
2016/4/21,1.552233462
2016/4/22,1.551069734
2016/4/25,1.549458419
2016/4/26,1.547041447
2016/4/27,1.547130964
2016/4/28,1.548384209
2016/4/29,1.548831797
2016/5/3,1.550353594
2016/5/4,1.550532629
2016/5/5,1.550353594
2016/5/6,1.550532629
2016/5/9,1.551427804
2016/5/10,1.553307672
2016/5/11,1.553665742
2016/5/12,1.554560917
2016/5/13,1.555545609
2016/5/16,1.555635127
2016/5/17,1.555277057
2016/5/18,1.554471399
2016/5/19,1.553755259
2016/5/20,1.553934294
2016/5/23,1.554292364
2016/5/24,1.554560917
2016/5/25,1.554650434
2016/5/26,1.554739952
2016/5/27,1.554918987
2016/5/30,1.555187539
2016/5/31,1.554918987
2016/6/1,1.555098022
2016/6/2,1.554739952
2016/6/3,1.554650434
2016/6/6,1.555456092
2016/6/7,1.555903679
2016/6/8,1.556082714
2016/6/13,1.556977889
2016/6/14,1.558141617
2016/6/15,1.558678722
2016/6/16,1.559752932
2016/6/17,1.560290037
2016/6/20,1.561006177
2016/6/21,1.561006177
2016/6/22,1.561632799
2016/6/23,1.562080387
2016/6/24,1.563065079
2016/6/27,1.566108674
2016/6/28,1.566735297
2016/6/29,1.566019157
2016/6/30,1.566108674
2016/7/1,1.567272402
2016/7/4,1.568704682
2016/7/5,1.568525647
2016/7/6,1.568883717
2016/7/7,1.569957927
2016/7/8,1.571479724
2016/7/11,1.572553934
2016/7/12,1.572643452
2016/7/13,1.572553934
2016/7/14,1.572643452
2016/7/15,1.573180557
2016/7/18,1.573807179
2016/7/19,1.574612837
2016/7/20,1.575866082
2016/7/21,1.578104019
2016/7/22,1.578909677
2016/7/25,1.579088712
2016/7/26,1.579178229
2016/7/27,1.579536299
2016/7/28,1.580610509
2016/7/29,1.581416167
2016/8/1,1.582400859
2016/8/2,1.582937964
2016/8/3,1.583654104
2016/8/4,1.584280727
2016/8/5,1.585086384
2016/8/8,1.586608182
2016/8/9,1.587950944
2016/8/10,1.589830812
2016/8/11,1.590905022
2016/8/12,1.591710679
2016/8/15,1.594396204
2016/8/16,1.595022827
2016/8/17,1.593859099
2016/8/18,1.593769582
2016/8/19,1.593321994
2016/8/22,1.593321994
2016/8/23,1.593411512
2016/8/24,1.592158267
2016/8/25,1.592337302
2016/8/26,1.592337302
2016/8/29,1.592963924
2016/8/30,1.592337302
2016/8/31,1.592068749
2016/9/1,1.592068749
2016/9/2,1.592695372
2016/9/5,1.592695372
2016/9/6,1.592516337
2016/9/7,1.592337302
2016/9/8,1.592695372
2016/9/9,1.593321994
2016/9/12,1.593142959
2016/9/13,1.593590547
2016/9/14,1.594217169
2016/9/19,1.595380897
2016/9/20,1.596007519
2016/9/21,1.596097037
2016/9/22,1.596813177
2016/9/23,1.597797869
2016/9/26,1.599319667
2016/9/27,1.599677737
2016/9/28,1.599677737
2016/9/29,1.600035807
2016/9/30,1.600483395
2016/10/10,1.604064095
2016/10/11,1.604869752
2016/10/12,1.604690717
2016/10/13,1.60495927
2016/10/14,1.606122997
2016/10/17,1.607197207
2016/10/18,1.607555277
2016/10/19,1.608271417
2016/10/20,1.610151285
2016/10/21,1.610867425
2016/10/24,1.61104646
2016/10/25,1.610509355
2016/10/26,1.608987557
2016/10/27,1.608629487
2016/10/28,1.60925611
2016/10/31,1.60889804
2016/11/1,1.608271417
2016/11/2,1.60853997
2016/11/3,1.60889804
2016/11/4,1.608987557
2016/11/7,1.608987557
2016/11/8,1.608271417
2016/11/9,1.608002865
2016/11/10,1.607197207
2016/11/11,1.60603348
2016/11/14,1.60495927
2016/11/15,1.60281085
2016/11/16,1.601468087
2016/11/17,1.599677737
2016/11/18,1.598066422
2016/11/21,1.598334974
2016/11/22,1.598782562
2016/11/23,1.599319667
2016/11/24,1.599946289
2016/11/25,1.599677737
2016/11/28,1.600035807
2016/11/29,1.599051114
2016/11/30,1.596007519
2016/12/1,1.593590547
2016/12/2,1.590815504
2016/12/5,1.590367917
2016/12/6,1.586787217
2016/12/7,1.583922657
2016/12/8,1.584638797
2016/12/9,1.584728314
2016/12/12,1.582669412
2016/12/13,1.578372572
2016/12/14,1.574791872
2016/12/15,1.563333632
2016/12/16,1.561632799
2016/12/19,1.558231134
2016/12/20,1.554202847
2016/12/21,1.556351267
2016/12/22,1.560200519
2016/12/23,1.563512667
2016/12/26,1.565750604
2016/12/27,1.566198192
2016/12/28,1.566287709
2016/12/29,1.568346612
2016/12/30,1.571837794
2017/1/3,1.572195864
2017/1/4,1.571390207
2017/1/5,1.570226479
2017/1/6,1.571121654
2017/1/9,1.572106347
2017/1/10,1.573807179
2017/1/11,1.573538627
2017/1/12,1.574075732
2017/1/13,1.574612837
2017/1/16,1.574881389
2017/1/17,1.572374899
2017/1/18,1.571479724
2017/1/19,1.570674067
2017/1/20,1.571121654
2017/1/23,1.572016829
2017/1/24,1.572106347
2017/1/25,1.569152269
2017/1/26,1.568346612
2017/2/3,1.567093367
2017/2/6,1.563423149
2017/2/7,1.560111002
2017/2/8,1.558589204
2017/2/9,1.559036792
2017/2/10,1.559394862
2017/2/13,1.559663414
2017/2/14,1.559663414
2017/2/15,1.559215827
2017/2/16,1.560021484
2017/2/17,1.561811834
2017/2/20,1.563602184
2017/2/21,1.563512667
2017/2/22,1.563333632
2017/2/23,1.564497359
2017/2/24,1.565034464
2017/2/27,1.565840122
2017/2/28,1.565661087
2017/3/1,1.565034464
2017/3/2,1.563960254
2017/3/3,1.564139289
2017/3/6,1.564049772
2017/3/7,1.563960254
2017/3/8,1.562975562
2017/3/9,1.561901352
2017/3/10,1.561274729
2017/3/13,1.561632799
2017/3/14,1.562438457
2017/3/15,1.562617492
2017/3/16,1.565123982
2017/3/17,1.565213499
2017/3/20,1.564944947
2017/3/21,1.563870737
2017/3/22,1.564139289
2017/3/23,1.563960254
2017/3/24,1.565213499
2017/3/27,1.566645779
2017/3/28,1.567272402
2017/3/29,1.567093367
2017/3/30,1.566645779
2017/3/31,1.566645779
2017/4/5,1.567451437
2017/4/6,1.567093367
2017/4/7,1.568078059
2017/4/10,1.568615164
2017/4/11,1.568525647
2017/4/12,1.568883717
2017/4/13,1.568973234
2017/4/14,1.568525647
2017/4/17,1.566198192
2017/4/18,1.564676394
2017/4/19,1.564676394
2017/4/20,1.563602184
2017/4/21,1.562617492
2017/4/24,1.560737624
2017/4/25,1.560111002
2017/4/26,1.560021484
2017/4/27,1.560021484
2017/4/28,1.560290037
2017/5/2,1.560379554
2017/5/3,1.558768239
2017/5/4,1.557156924
2017/5/5,1.555814162
2017/5/8,1.554650434
2017/5/9,1.552591532
2017/5/10,1.549906007
2017/5/11,1.548563244
2017/5/12,1.547936622
2017/5/15,1.548563244
2017/5/16,1.548115657
2017/5/17,1.547578552
2017/5/18,1.547936622
2017/5/19,1.547489034
2017/5/22,1.547399517
2017/5/23,1.547130964
2017/5/24,1.547489034
2017/5/25,1.548115657
2017/5/26,1.548294692
2017/5/31,1.550085042
2017/6/1,1.550622147
2017/6/2,1.550711664
2017/6/5,1.551606839
2017/6/6,1.551785874
2017/6/7,1.551785874
2017/6/8,1.551964909
2017/6/9,1.552681049
2017/6/12,1.554739952
2017/6/13,1.556798854
2017/6/14,1.558052099
2017/6/15,1.559305344
2017/6/16,1.559842449
2017/6/19,1.562169904
2017/6/20,1.564228807
2017/6/21,1.564765912
2017/6/22,1.564497359
2017/6/23,1.564049772
2017/6/26,1.565750604
2017/6/27,1.567540954
2017/6/28,1.567988542
2017/6/29,1.568615164
2017/6/30,1.568794199
2017/7/3,1.568704682
2017/7/4,1.568346612
2017/7/5,1.568704682
2017/7/6,1.570136962
2017/7/7,1.570315997
2017/7/10,1.571032137
2017/7/11,1.571300689
2017/7/12,1.572016829
2017/7/13,1.572643452
2017/7/14,1.573001522
2017/7/17,1.574165249
2017/7/18,1.573449109
2017/7/19,1.573538627
2017/7/20,1.574254767
2017/7/21,1.574254767
2017/7/24,1.574612837
2017/7/25,1.574075732
2017/7/26,1.573449109
2017/7/27,1.573270074
2017/7/28,1.573538627
2017/7/31,1.573628144
2017/8/1,1.573001522
2017/8/2,1.573001522
2017/8/3,1.573270074
2017/8/4,1.573628144
2017/8/7,1.572912004
2017/8/8,1.572106347
2017/8/9,1.571658759
2017/8/10,1.571927312
2017/8/11,1.572732969
2017/8/14,1.574075732
2017/8/15,1.574612837
2017/8/16,1.574344284
2017/8/17,1.573986214
2017/8/18,1.573807179
2017/8/21,1.573359592
2017/8/22,1.572643452
2017/8/23,1.572732969
2017/8/24,1.572016829
2017/8/25,1.571211172
2017/8/28,1.570763584
2017/8/29,1.570495032
2017/8/30,1.570405514
2017/8/31,1.570405514
2017/9/1,1.570495032
2017/9/4,1.570674067
2017/9/5,1.570315997
2017/9/6,1.570495032
2017/9/7,1.571390207
2017/9/8,1.572822487
2017/9/11,1.573628144
2017/9/12,1.573717662
2017/9/13,1.573628144
2017/9/14,1.574523319
2017/9/15,1.574970907
2017/9/18,1.575239459
2017/9/19,1.575239459
2017/9/20,1.575239459
2017/9/21,1.575508012
2017/9/22,1.575508012
2017/9/25,1.576940292
2017/9/26,1.577119327
2017/9/27,1.576850774
2017/9/28,1.577119327
2017/9/29,1.577477397
2017/10/9,1.578909677
2017/10/10,1.578641124
2017/10/11,1.578909677
2017/10/12,1.578641124
2017/10/13,1.578551607
2017/10/16,1.577566914
2017/10/17,1.576134634
2017/10/18,1.576134634
2017/10/19,1.576761257
2017/10/20,1.577119327
2017/10/23,1.577656432
2017/10/24,1.577835467
2017/10/25,1.576850774
2017/10/26,1.576045117
2017/10/27,1.575060424
2017/10/30,1.572285382
2017/10/31,1.571211172
2017/11/1,1.571927312
2017/11/2,1.572016829
2017/11/3,1.571837794
2017/11/6,1.572553934
2017/11/7,1.571927312
2017/11/8,1.571300689
2017/11/9,1.571032137
2017/11/10,1.570763584
2017/11/13,1.569331304
2017/11/14,1.567361919
2017/11/15,1.566824814
2017/11/16,1.566645779
2017/11/17,1.566914332
2017/11/20,1.566914332
2017/11/21,1.566287709
2017/11/22,1.564407842
2017/11/23,1.561901352
2017/11/24,1.561990869
2017/11/27,1.562527974
2017/11/28,1.561990869
2017/11/29,1.562080387
2017/11/30,1.562617492
2017/12/1,1.563333632
2017/12/4,1.564407842
2017/12/7,1.566287709
2017/12/8,1.566287709
2017/12/11,1.565750604
2017/12/12,1.565303017
2017/12/13,1.565123982
2017/12/14,1.565392534
2017/12/15,1.565750604
2017/12/18,1.566735297
2017/12/19,1.566645779
2017/12/21,1.566287709
2017/12/22,1.566735297
2017/12/25,1.566914332
2017/12/26,1.566735297
2017/12/27,1.566377227
2017/12/28,1.565840122
2017/12/29,1.566556262
2018/1/3,1.567809507
2018/1/4,1.567451437
2018/1/5,1.567988542
2018/1/8,1.568973234
2018/1/12,1.567630472
2018/1/15,1.567451437
2018/1/16,1.567272402
2018/1/17,1.567451437
2018/1/18,1.566824814
2018/1/19,1.566824814
2018/1/22,1.567719989
2018/1/23,1.568078059
2018/1/24,1.568346612
2018/1/25,1.568615164
2018/1/26,1.569331304
2018/1/29,1.569778892
2018/1/30,1.570047444
2018/1/31,1.570584549
2018/2/1,1.571479724
2018/2/2,1.571927312
2018/2/5,1.572464417
2018/2/6,1.573628144
2018/2/7,1.574523319
2018/2/8,1.575149942
2018/2/9,1.575328977
2018/2/12,1.576940292
2018/2/13,1.577119327
2018/2/14,1.577924984
2018/2/22,1.579088712
2018/2/23,1.579536299
2018/2/26,1.581595202
2018/2/27,1.583385552
2018/2/28,1.584638797
2018/3/1,1.585265419
2018/3/2,1.585354937
2018/3/5,1.585354937
2018/3/6,1.585802524
2018/3/7,1.586250112
2018/3/8,1.587234804
2018/3/9,1.587503357
2018/3/12,1.588488049
2018/3/13,1.588577567
2018/3/14,1.588398532
2018/3/15,1.588756602
2018/3/16,1.588935637
2018/3/19,1.589741294
2018/3/20,1.590636469
2018/3/21,1.591710679
2018/3/22,1.593232477
2018/3/23,1.597618834
2018/3/26,1.598424492
2018/3/27,1.598424492
2018/3/28,1.599140632
2018/3/29,1.599409184
2018/3/30,1.600125325
2018/4/2,1.601110017
2018/4/3,1.602184227
2018/4/4,1.603616507
2018/4/9,1.60746576
2018/4/10,1.608002865
2018/4/11,1.608002865
2018/4/12,1.608808522
2018/4/13,1.609524662
2018/4/16,1.61104646
2018/4/17,1.61283681
2018/4/18,1.62357891
2018/4/19,1.624474085
2018/4/20,1.624832155
2018/4/23,1.624026497
2018/4/24,1.623041805
2018/4/25,1.62286277
2018/4/26,1.62214663
2018/4/27,1.621251455
2018/5/2,1.621251455
2018/5/3,1.62143049
2018/5/4,1.621878077
2018/5/7,1.621609525
2018/5/8,1.62071435
2018/5/9,1.619371587
2018/5/10,1.618834482
2018/5/11,1.618744965
2018/5/14,1.618924
2018/5/15,1.618297377
2018/5/16,1.617670755
2018/5/17,1.61749172
2018/5/18,1.61749172
2018/5/21,1.61820786
2018/5/22,1.619192552
2018/5/23,1.620087727
2018/5/24,1.620982902
2018/5/25,1.62214663
2018/5/28,1.62357891
2018/5/29,1.623668427
2018/5/30,1.624116015
2018/5/31,1.62393698
2018/6/1,1.62357891
2018/6/4,1.623399875
2018/6/5,1.622594217
2018/6/6,1.622236147
2018/6/7,1.621967595
2018/6/8,1.622325665
2018/6/11,1.623041805
2018/6/12,1.622594217
2018/6/13,1.622683735
2018/6/14,1.623489392
2018/6/15,1.624742637
2018/6/19,1.62680154
2018/6/20,1.626980575
2018/6/21,1.62751768
2018/6/22,1.628502372
2018/6/25,1.629397547
2018/6/26,1.6296661
2018/6/27,1.629934652
2018/6/28,1.631635485
2018/6/29,1.634768597
2018/7/2,1.636917017
